number,date,price
0,2016-12-8,6.8799
1,2016-12-7,6.8805
2,2016-12-6,6.882
3,2016-12-5,6.881
4,2016-12-2,6.8865
5,2016-12-1,6.8865
6,2016-11-30,6.8868
7,2016-11-29,6.8968
8,2016-11-28,6.9088
9,2016-11-25,6.9198
10,2016-11-24,6.9196
11,2016-11-23,6.9202
12,2016-11-22,6.89
13,2016-11-21,6.8928
14,2016-11-18,6.8887
15,2016-11-17,6.8783
16,2016-11-16,6.8804
17,2016-11-15,6.8591
18,2016-11-14,6.8468
19,2016-11-11,6.8125
20,2016-11-10,6.8019
21,2016-11-9,6.78
22,2016-11-8,6.7874
23,2016-11-7,6.7766
24,2016-11-4,6.7565
25,2016-11-3,6.7646
26,2016-11-2,6.757
27,2016-11-1,6.7665
28,2016-10-31,6.7758
29,2016-10-28,6.779
30,2016-10-27,6.7851
31,2016-10-26,6.7711
32,2016-10-25,6.7812
33,2016-10-24,6.7752
34,2016-10-21,6.7667
35,2016-10-20,6.7454
36,2016-10-19,6.7379
37,2016-10-18,6.7409
38,2016-10-17,6.7375
39,2016-10-14,6.7288
40,2016-10-13,6.7274
41,2016-10-12,6.719
42,2016-10-11,6.722
43,2016-10-10,6.7074
44,2016-10-7,6.6716
45,2016-10-6,6.6716
46,2016-10-5,6.6716
47,2016-10-4,6.6716
48,2016-10-3,6.6716
49,2016-9-30,6.6716
50,2016-9-29,6.6673
51,2016-9-28,6.6752
52,2016-9-27,6.6701
53,2016-9-26,6.6689
54,2016-9-23,6.6694
55,2016-9-22,6.6648
56,2016-9-21,6.6721
57,2016-9-20,6.672
58,2016-9-19,6.6685
59,2016-9-16,6.6734
60,2016-9-15,6.6734
61,2016-9-14,6.6734
62,2016-9-13,6.6794
63,2016-9-12,6.6801
64,2016-9-9,6.6781
65,2016-9-8,6.6643
66,2016-9-7,6.6625
67,2016-9-6,6.6755
68,2016-9-5,6.6766
69,2016-9-2,6.6805
70,2016-9-1,6.6715
71,2016-8-31,6.6793
72,2016-8-30,6.6812
73,2016-8-29,6.6777
74,2016-8-26,6.6719
75,2016-8-25,6.6593
76,2016-8-24,6.6591
77,2016-8-23,6.6409
78,2016-8-22,6.6507
79,2016-8-19,6.6532
80,2016-8-18,6.6312
81,2016-8-17,6.6343
82,2016-8-16,6.6253
83,2016-8-15,6.638
84,2016-8-12,6.6353
85,2016-8-11,6.6277
86,2016-8-10,6.638
87,2016-8-9,6.6557
88,2016-8-8,6.6614
89,2016-8-5,6.6564
90,2016-8-4,6.6418
91,2016-8-3,6.6342
92,2016-8-2,6.6272
93,2016-8-1,6.6439
94,2016-7-29,6.6373
95,2016-7-28,6.6554
96,2016-7-27,6.67
97,2016-7-26,6.672
98,2016-7-25,6.6785
99,2016-7-22,6.6795
100,2016-7-21,6.6755
101,2016-7-20,6.6777
102,2016-7-19,6.6963
103,2016-7-18,6.7045
104,2016-7-15,6.6887
105,2016-7-14,6.6836
106,2016-7-13,6.6863
107,2016-7-12,6.6885
108,2016-7-11,6.6939
109,2016-7-8,6.6881
110,2016-7-7,6.681
111,2016-7-6,6.693
112,2016-7-5,6.6796
113,2016-7-4,6.6653
114,2016-7-1,6.6557
115,2016-6-30,6.648
116,2016-6-29,6.6367
117,2016-6-28,6.6481
118,2016-6-27,6.6516
119,2016-6-24,6.6218
120,2016-6-23,6.5772
121,2016-6-22,6.5775
122,2016-6-21,6.5903
123,2016-6-20,6.577
124,2016-6-17,6.5884
125,2016-6-16,6.592
126,2016-6-15,6.5818
127,2016-6-14,6.5965
128,2016-6-13,6.5857
129,2016-6-10,6.5619
130,2016-6-9,6.5619
131,2016-6-8,6.5625
132,2016-6-7,6.5715
133,2016-6-6,6.5637
134,2016-6-3,6.5648
135,2016-6-2,6.5845
136,2016-6-1,6.5751
137,2016-5-31,6.5829
138,2016-5-30,6.5832
139,2016-5-27,6.5633
140,2016-5-26,6.557
141,2016-5-25,6.5541
142,2016-5-24,6.5572
143,2016-5-23,6.5557
144,2016-5-22,6.5467
145,2016-5-20,6.549
146,2016-5-19,6.547
147,2016-5-18,6.5388
148,2016-5-17,6.5204
149,2016-5-16,6.5212
150,2016-5-15,6.532
151,2016-5-13,6.532
152,2016-5-12,6.5168
153,2016-5-11,6.492
154,2016-5-10,6.5183
155,2016-5-9,6.5169
156,2016-5-8,6.5002
157,2016-5-6,6.5001
158,2016-5-5,6.5034
159,2016-5-4,6.4947
160,2016-5-3,6.4917
161,2016-5-2,6.4741
162,2016-5-1,6.4741
163,2016-4-29,6.4741
164,2016-4-28,6.4759
165,2016-4-27,6.495
166,2016-4-26,6.4935
167,2016-4-25,6.493
168,2016-4-24,6.501
169,2016-4-22,6.5009
170,2016-4-21,6.4819
171,2016-4-20,6.4708
172,2016-4-19,6.4581
173,2016-4-18,6.4752
174,2016-4-15,6.4756
175,2016-4-14,6.4826
176,2016-4-13,6.4784
177,2016-4-12,6.4656
178,2016-4-11,6.4595
179,2016-4-8,6.4658
180,2016-4-7,6.463
181,2016-4-6,6.4809
182,2016-4-5,6.4772
183,2016-4-4,6.4786
184,2016-4-1,6.4786
185,2016-3-31,6.449
186,2016-3-30,6.465
187,2016-3-29,6.5066
188,2016-3-28,6.5075
189,2016-3-25,6.516
190,2016-3-24,6.5146
191,2016-3-23,6.5062
192,2016-3-22,6.4901
193,2016-3-21,6.4846
194,2016-3-18,6.4716
195,2016-3-17,6.475
196,2016-3-16,6.522
197,2016-3-15,6.5145
198,2016-3-14,6.5
199,2016-3-11,6.4953
200,2016-3-10,6.5085
201,2016-3-9,6.513
202,2016-3-8,6.5047
203,2016-3-7,6.5168
204,2016-3-4,6.508
205,2016-3-3,6.5314
206,2016-3-2,6.551
207,2016-3-1,6.5521
208,2016-2-29,6.554
209,2016-2-26,6.5404
210,2016-2-25,6.5335
211,2016-2-24,6.5317
212,2016-2-23,6.5271
213,2016-2-22,6.5218
214,2016-2-19,6.5224
215,2016-2-18,6.5188
216,2016-2-17,6.5282
217,2016-2-16,6.5169
218,2016-2-15,6.4962
219,2016-2-12,6.5739
220,2016-2-11,6.5739
221,2016-2-10,6.5739
222,2016-2-9,6.5739
223,2016-2-8,6.5739
224,2016-2-5,6.5739
225,2016-2-4,6.5648
226,2016-2-3,6.577
227,2016-2-2,6.5798
228,2016-2-1,6.5784
229,2016-1-29,6.5761
230,2016-1-28,6.5751
231,2016-1-27,6.5778
232,2016-1-26,6.5825
233,2016-1-25,6.5793
234,2016-1-22,6.5791
235,2016-1-21,6.58
236,2016-1-20,6.5784
237,2016-1-19,6.5785
238,2016-1-18,6.5789
239,2016-1-15,6.5849
240,2016-1-14,6.5901
241,2016-1-13,6.5754
242,2016-1-12,6.5725
243,2016-1-11,6.5695
244,2016-1-8,6.5965
245,2016-1-7,6.5929
246,2016-1-6,6.5566
247,2016-1-5,6.5148
248,2016-1-4,6.5354
249,2016-1-1,6.4936
250,2015-12-31,6.4936
251,2015-12-30,6.4912
252,2015-12-29,6.4848
253,2015-12-28,6.4886
254,2015-12-25,6.4764
255,2015-12-24,6.4773
256,2015-12-23,6.4778
257,2015-12-22,6.4788
258,2015-12-21,6.4808
259,2015-12-18,6.4815
260,2015-12-17,6.4837
261,2015-12-16,6.4733
262,2015-12-15,6.461
263,2015-12-14,6.4589
264,2015-12-11,6.4553
265,2015-12-10,6.4378
266,2015-12-9,6.428
267,2015-12-8,6.4172
268,2015-12-7,6.4082
269,2015-12-4,6.401
270,2015-12-3,6.3975
271,2015-12-2,6.3987
272,2015-12-1,6.3987
273,2015-11-30,6.3982
274,2015-11-27,6.3949
275,2015-11-26,6.3895
276,2015-11-25,6.3892
277,2015-11-24,6.3898
278,2015-11-23,6.3893
279,2015-11-20,6.385
280,2015-11-19,6.383
281,2015-11-18,6.3849
282,2015-11-17,6.3786
283,2015-11-16,6.3712
284,2015-11-13,6.3737
285,2015-11-12,6.3693
286,2015-11-11,6.3674
287,2015-11-10,6.3618
288,2015-11-9,6.3621
289,2015-11-6,6.353
290,2015-11-5,6.3461
291,2015-11-4,6.3359
292,2015-11-3,6.3361
293,2015-11-2,6.3374
294,2015-10-30,6.3181
295,2015-10-29,6.3567
296,2015-10-28,6.3592
297,2015-10-27,6.3532
298,2015-10-26,6.3532
299,2015-10-23,6.3491
300,2015-10-22,6.358
301,2015-10-21,6.3493
302,2015-10-20,6.3484
303,2015-10-19,6.3601
304,2015-10-16,6.3525
305,2015-10-15,6.3462
306,2015-10-14,6.3477
307,2015-10-13,6.3423
308,2015-10-12,6.323
309,2015-10-9,6.3453
310,2015-10-8,6.3535
311,2015-10-7,6.356
312,2015-10-6,6.356
313,2015-10-5,6.356
314,2015-10-2,6.356
315,2015-10-1,6.356
316,2015-9-30,6.3571
317,2015-9-29,6.3636
318,2015-9-28,6.3688
319,2015-9-25,6.3741
320,2015-9-24,6.3833
321,2015-9-23,6.3837
322,2015-9-22,6.376
323,2015-9-21,6.3691
324,2015-9-18,6.3643
325,2015-9-17,6.366
326,2015-9-16,6.3709
327,2015-9-15,6.37
328,2015-9-14,6.3679
329,2015-9-11,6.375
330,2015-9-10,6.3772
331,2015-9-9,6.3778
332,2015-9-8,6.3672
333,2015-9-7,6.3659
334,2015-9-4,6.3559
335,2015-9-3,6.3559
336,2015-9-2,6.3559
337,2015-9-1,6.3645
338,2015-8-31,6.3764
339,2015-8-28,6.3885
340,2015-8-27,6.4053
341,2015-8-26,6.411
342,2015-8-25,6.4129
343,2015-8-24,6.4044
344,2015-8-21,6.3888
345,2015-8-20,6.389
346,2015-8-19,6.3958
347,2015-8-18,6.3938
348,2015-8-17,6.3947
349,2015-8-14,6.3918
350,2015-8-13,6.3988
351,2015-8-12,6.387
352,2015-8-11,6.3248
353,2015-8-10,6.2096
354,2015-8-7,6.2097
355,2015-8-6,6.2097
356,2015-8-5,6.2096
357,2015-8-4,6.2096
358,2015-8-3,6.2097
359,2015-7-31,6.2097
360,2015-7-30,6.2096
361,2015-7-29,6.209
362,2015-7-28,6.2094
363,2015-7-27,6.2095
364,2015-7-24,6.2096
365,2015-7-23,6.2095
366,2015-7-22,6.2094
367,2015-7-21,6.2096
368,2015-7-20,6.2097
369,2015-7-17,6.2095
370,2015-7-16,6.2095
371,2015-7-15,6.2092
372,2015-7-14,6.2089
373,2015-7-13,6.2084
374,2015-7-10,6.2092
375,2015-7-9,6.2088
376,2015-7-8,6.2089
377,2015-7-7,6.21
378,2015-7-6,6.2091
379,2015-7-3,6.2057
380,2015-7-2,6.2047
381,2015-7-1,6.2014
382,2015-6-30,6.201
383,2015-6-29,6.2088
384,2015-6-26,6.209
385,2015-6-25,6.2094
386,2015-6-24,6.2071
387,2015-6-23,6.2068
388,2015-6-22,6.2095
389,2015-6-19,6.2095
390,2015-6-18,6.2078
391,2015-6-17,6.2096
392,2015-6-16,6.2085
393,2015-6-15,6.209
394,2015-6-12,6.2083
395,2015-6-11,6.2066
396,2015-6-10,6.2058
397,2015-6-9,6.2057
398,2015-6-8,6.2056
399,2015-6-5,6.2034
400,2015-6-4,6.2011
401,2015-6-3,6.1978
402,2015-6-2,6.1982
403,2015-6-1,6.1995
404,2015-5-29,6.1983
405,2015-5-28,6.2012
406,2015-5-27,6.2013
407,2015-5-26,6.2039
408,2015-5-25,6.202
409,2015-5-22,6.1974
410,2015-5-21,6.1968
411,2015-5-20,6.2037
412,2015-5-19,6.2066
413,2015-5-18,6.2043
414,2015-5-15,6.2061
415,2015-5-14,6.2016
416,2015-5-13,6.2046
417,2015-5-12,6.2089
418,2015-5-11,6.2096
419,2015-5-8,6.2094
420,2015-5-7,6.2066
421,2015-5-6,6.2004
422,2015-5-5,6.206
423,2015-5-4,6.209
424,2015-5-1,6.2028
425,2015-4-30,6.2028
426,2015-4-29,6.1993
427,2015-4-28,6.204
428,2015-4-27,6.219
429,2015-4-24,6.1935
430,2015-4-23,6.197
431,2015-4-22,6.194
432,2015-4-21,6.201
433,2015-4-20,6.201
434,2015-4-17,6.1978
435,2015-4-16,6.1962
436,2015-4-15,6.2052
437,2015-4-14,6.2115
438,2015-4-13,6.2167
439,2015-4-10,6.2085
440,2015-4-9,6.2055
441,2015-4-8,6.2025
442,2015-4-7,6.196
443,2015-4-6,6.1935
444,2015-4-3,6.1935
445,2015-4-2,6.197
446,2015-4-1,6.1985
447,2015-3-31,6.1995
448,2015-3-30,6.207
449,2015-3-27,6.215
450,2015-3-26,6.2108
451,2015-3-25,6.2121
452,2015-3-24,6.2051
453,2015-3-23,6.214
454,2015-3-20,6.2052
455,2015-3-19,6.196
456,2015-3-18,6.2294
457,2015-3-17,6.2495
458,2015-3-16,6.2625
459,2015-3-13,6.2595
460,2015-3-12,6.2624
461,2015-3-11,6.2623
462,2015-3-10,6.262
463,2015-3-9,6.264
464,2015-3-6,6.2625
465,2015-3-5,6.266
466,2015-3-4,6.2706
467,2015-3-3,6.2744
468,2015-3-2,6.2725
469,2015-2-27,6.2696
470,2015-2-26,6.2589
471,2015-2-25,6.2593
472,2015-2-24,6.2551
473,2015-2-23,6.2551
474,2015-2-20,6.2551
475,2015-2-19,6.2551
476,2015-2-18,6.2551
477,2015-2-17,6.2551
478,2015-2-16,6.2485
479,2015-2-13,6.2403
480,2015-2-12,6.2445
481,2015-2-11,6.2427
482,2015-2-10,6.241
483,2015-2-9,6.247
484,2015-2-6,6.244
485,2015-2-5,6.2521
486,2015-2-4,6.2477
487,2015-2-3,6.2578
488,2015-2-2,6.2597
489,2015-1-30,6.25
490,2015-1-29,6.2466
491,2015-1-28,6.248
492,2015-1-27,6.2435
493,2015-1-26,6.254
494,2015-1-23,6.2285
495,2015-1-22,6.2088
496,2015-1-21,6.2115
497,2015-1-20,6.214
498,2015-1-19,6.2195
499,2015-1-16,6.207
500,2015-1-15,6.1875
501,2015-1-14,6.1959
502,2015-1-13,6.1975
503,2015-1-12,6.2032
504,2015-1-9,6.2088
505,2015-1-8,6.2146
506,2015-1-7,6.2129
507,2015-1-6,6.213
508,2015-1-5,6.2206
509,2015-1-2,6.2061
510,2015-1-1,6.2061
511,2014-12-31,6.2061
512,2014-12-30,6.202
513,2014-12-29,6.2225
514,2014-12-26,6.2129
515,2014-12-25,6.197
516,2014-12-24,6.2153
517,2014-12-23,6.2258
518,2014-12-22,6.2216
519,2014-12-19,6.2199
520,2014-12-18,6.2145
521,2014-12-17,6.197
522,2014-12-16,6.1895
523,2014-12-15,6.1905
524,2014-12-12,6.1869
525,2014-12-11,6.1886
526,2014-12-10,6.1766
527,2014-12-9,6.1878
528,2014-12-8,6.173
529,2014-12-5,6.1502
530,2014-12-4,6.1546
531,2014-12-3,6.1502
532,2014-12-2,6.1495
533,2014-12-1,6.152
534,2014-11-28,6.1432
535,2014-11-27,6.1391
536,2014-11-26,6.1391
537,2014-11-25,6.1365
538,2014-11-24,6.1417
539,2014-11-21,6.1249
540,2014-11-20,6.1235
541,2014-11-19,6.1195
542,2014-11-18,6.1213
543,2014-11-17,6.1243
544,2014-11-14,6.1295
545,2014-11-13,6.1248
546,2014-11-12,6.1262
547,2014-11-11,6.1245
548,2014-11-10,6.1195
549,2014-11-7,6.1227
550,2014-11-6,6.112
551,2014-11-5,6.114
552,2014-11-4,6.1152
553,2014-11-3,6.1183
554,2014-10-31,6.1127
555,2014-10-30,6.1145
556,2014-10-29,6.1112
557,2014-10-28,6.1133
558,2014-10-27,6.1165
559,2014-10-24,6.117
560,2014-10-23,6.1195
561,2014-10-22,6.1182
562,2014-10-21,6.121
563,2014-10-20,6.1235
564,2014-10-17,6.124
565,2014-10-16,6.1233
566,2014-10-15,6.1259
567,2014-10-14,6.1255
568,2014-10-13,6.1255
569,2014-10-10,6.1311
570,2014-10-9,6.1302
571,2014-10-8,6.139
572,2014-10-7,6.139
573,2014-10-6,6.139
574,2014-10-3,6.139
575,2014-10-2,6.1385
576,2014-10-1,6.1385
577,2014-9-30,6.1385
578,2014-9-29,6.15
579,2014-9-26,6.1271
580,2014-9-25,6.136
581,2014-9-24,6.1366
582,2014-9-23,6.1378
583,2014-9-22,6.1405
584,2014-9-19,6.141
585,2014-9-18,6.1405
586,2014-9-17,6.139
587,2014-9-16,6.1461
588,2014-9-15,6.142
589,2014-9-12,6.1347
590,2014-9-11,6.13
591,2014-9-10,6.1294
592,2014-9-9,6.1364
593,2014-9-8,6.1405
594,2014-9-5,6.1405
595,2014-9-4,6.1386
596,2014-9-3,6.141
597,2014-9-2,6.1482
598,2014-9-1,6.142
599,2014-8-29,6.1433
600,2014-8-28,6.1428
601,2014-8-27,6.1433
602,2014-8-26,6.1525
603,2014-8-25,6.1544
604,2014-8-22,6.1515
605,2014-8-21,6.1515
606,2014-8-20,6.14
607,2014-8-19,6.1413
608,2014-8-18,6.143
609,2014-8-15,6.1472
610,2014-8-14,6.1525
611,2014-8-13,6.1536
612,2014-8-12,6.158
613,2014-8-11,6.1534
614,2014-8-8,6.1562
615,2014-8-7,6.1621
616,2014-8-6,6.163
617,2014-8-5,6.1707
618,2014-8-4,6.1785
619,2014-8-1,6.1798
620,2014-7-31,6.174
621,2014-7-30,6.1715
622,2014-7-29,6.1805
623,2014-7-28,6.1875
624,2014-7-25,6.1917
625,2014-7-24,6.1947
626,2014-7-23,6.1988
627,2014-7-22,6.203
628,2014-7-21,6.2093
629,2014-7-18,6.208
630,2014-7-17,6.2038
631,2014-7-16,6.204
632,2014-7-15,6.208
633,2014-7-14,6.206
634,2014-7-11,6.2035
635,2014-7-10,6.2028
636,2014-7-9,6.1999
637,2014-7-8,6.2015
638,2014-7-7,6.2038
639,2014-7-4,6.2041
640,2014-7-3,6.212
641,2014-7-2,6.2106
642,2014-7-1,6.2
643,2014-6-30,6.2038
644,2014-6-27,6.2185
645,2014-6-26,6.224
646,2014-6-25,6.2344
647,2014-6-24,6.2311
648,2014-6-23,6.2255
649,2014-6-20,6.2245
650,2014-6-19,6.2291
651,2014-6-18,6.2314
652,2014-6-17,6.2268
653,2014-6-16,6.227
654,2014-6-13,6.2095
655,2014-6-12,6.2185
656,2014-6-11,6.2281
657,2014-6-10,6.2245
658,2014-6-9,6.2403
659,2014-6-6,6.2505
660,2014-6-5,6.2568
661,2014-6-4,6.2504
662,2014-6-3,6.2546
663,2014-6-2,6.2479
664,2014-5-30,6.2479
665,2014-5-29,6.238
666,2014-5-28,6.254
667,2014-5-27,6.2491
668,2014-5-26,6.2394
669,2014-5-23,6.2365
670,2014-5-22,6.235
671,2014-5-21,6.2338
672,2014-5-20,6.2381
673,2014-5-19,6.2374
674,2014-5-16,6.2334
675,2014-5-15,6.2307
676,2014-5-14,6.2289
677,2014-5-13,6.2291
678,2014-5-12,6.2376
679,2014-5-9,6.2276
680,2014-5-8,6.228
681,2014-5-7,6.2344
682,2014-5-6,6.2257
683,2014-5-5,6.2455
684,2014-5-2,6.2593
685,2014-5-1,6.2593
686,2014-4-30,6.2593
687,2014-4-29,6.258
688,2014-4-28,6.253
689,2014-4-25,6.2537
690,2014-4-24,6.2489
691,2014-4-23,6.2377
692,2014-4-22,6.2376
693,2014-4-21,6.2274
694,2014-4-18,6.2242
695,2014-4-17,6.219
696,2014-4-16,6.2214
697,2014-4-15,6.222
698,2014-4-14,6.2191
699,2014-4-11,6.2113
700,2014-4-10,6.2126
701,2014-4-9,6.2005
702,2014-4-8,6.1968
703,2014-4-7,6.2123
704,2014-4-4,6.2123
705,2014-4-3,6.2107
706,2014-4-2,6.2057
707,2014-4-1,6.2069
708,2014-3-31,6.2172
709,2014-3-28,6.2122
710,2014-3-27,6.2128
711,2014-3-26,6.2094
712,2014-3-25,6.2017
713,2014-3-24,6.1959
714,2014-3-21,6.225
715,2014-3-20,6.2275
716,2014-3-19,6.1954
717,2014-3-18,6.1921
718,2014-3-17,6.1782
719,2014-3-14,6.1502
720,2014-3-13,6.1362
721,2014-3-12,6.145
722,2014-3-11,6.1402
723,2014-3-10,6.1386
724,2014-3-7,6.126
725,2014-3-6,6.1185
726,2014-3-5,6.1282
727,2014-3-4,6.1435
728,2014-3-3,6.1463
729,2014-2-28,6.145
730,2014-2-27,6.1284
731,2014-2-26,6.1248
732,2014-2-25,6.1245
733,2014-2-24,6.0984
734,2014-2-21,6.0915
735,2014-2-20,6.0835
736,2014-2-19,6.0764
737,2014-2-18,6.0673
738,2014-2-17,6.064
739,2014-2-14,6.0669
740,2014-2-13,6.0636
741,2014-2-12,6.0624
742,2014-2-11,6.0606
743,2014-2-10,6.0594
744,2014-2-7,6.0634
745,2014-2-6,6.061
746,2014-2-5,6.061
747,2014-2-4,6.061
748,2014-2-3,6.061
749,2014-1-31,6.061
750,2014-1-30,6.061
751,2014-1-29,6.0556
752,2014-1-28,6.0509
753,2014-1-27,6.048
754,2014-1-24,6.0488
755,2014-1-23,6.0518
756,2014-1-22,6.0513
757,2014-1-21,6.0505
758,2014-1-20,6.0527
759,2014-1-17,6.0503
760,2014-1-16,6.0557
761,2014-1-15,6.046
762,2014-1-14,6.0412
763,2014-1-13,6.0433
764,2014-1-10,6.0521
765,2014-1-9,6.055
766,2014-1-8,6.0512
767,2014-1-7,6.0512
768,2014-1-6,6.0526
769,2014-1-3,6.0515
770,2014-1-2,6.0507
771,2014-1-1,6.054
772,2013-12-31,6.054
773,2013-12-30,6.0617
774,2013-12-27,6.0686
775,2013-12-26,6.0747
776,2013-12-25,6.0715
777,2013-12-24,6.0715
778,2013-12-23,6.0702
779,2013-12-20,6.0714
780,2013-12-19,6.0713
781,2013-12-18,6.0718
782,2013-12-17,6.0711
783,2013-12-16,6.0715
784,2013-12-13,6.0713
785,2013-12-12,6.0715
786,2013-12-11,6.0717
787,2013-12-10,6.071
788,2013-12-9,6.0723
789,2013-12-6,6.0817
790,2013-12-5,6.0913
791,2013-12-4,6.0916
792,2013-12-3,6.0924
793,2013-12-2,6.093
794,2013-11-29,6.0932
795,2013-11-28,6.0924
796,2013-11-27,6.0924
797,2013-11-26,6.0927
798,2013-11-25,6.0926
799,2013-11-22,6.0937
800,2013-11-21,6.0929
801,2013-11-20,6.0928
802,2013-11-19,6.093
803,2013-11-18,6.0921
804,2013-11-15,6.0922
805,2013-11-14,6.0922
806,2013-11-13,6.0929
807,2013-11-12,6.092
808,2013-11-11,6.0914
809,2013-11-8,6.0906
810,2013-11-7,6.0908
811,2013-11-6,6.0927
812,2013-11-5,6.0968
813,2013-11-4,6.099
814,2013-11-1,6.0995
815,2013-10-31,6.0945
816,2013-10-30,6.0938
817,2013-10-29,6.0902
818,2013-10-28,6.0855
819,2013-10-25,6.084
820,2013-10-24,6.082
821,2013-10-23,6.0835
822,2013-10-22,6.0927
823,2013-10-21,6.0926
824,2013-10-18,6.0968
825,2013-10-17,6.0982
826,2013-10-16,6.0998
827,2013-10-15,6.1026
828,2013-10-14,6.1079
829,2013-10-11,6.1206
830,2013-10-10,6.1158
831,2013-10-9,6.1211
832,2013-10-8,6.1211
833,2013-10-7,6.1215
834,2013-10-4,6.1215
835,2013-10-3,6.1215
836,2013-10-2,6.1215
837,2013-10-1,6.1215
838,2013-9-30,6.1215
839,2013-9-27,6.1199
840,2013-9-26,6.1214
841,2013-9-25,6.12
842,2013-9-24,6.1209
843,2013-9-23,6.121
844,2013-9-20,6.1212
845,2013-9-19,6.1212
846,2013-9-18,6.1212
847,2013-9-17,6.1215
848,2013-9-16,6.1203
849,2013-9-13,6.1188
850,2013-9-12,6.118
851,2013-9-11,6.1185
852,2013-9-10,6.12
853,2013-9-9,6.121
854,2013-9-6,6.1205
855,2013-9-5,6.1199
856,2013-9-4,6.1201
857,2013-9-3,6.1206
858,2013-9-2,6.1196
859,2013-8-30,6.1195
860,2013-8-29,6.1204
861,2013-8-28,6.1204
862,2013-8-27,6.1217
863,2013-8-26,6.1212
864,2013-8-23,6.121
865,2013-8-22,6.1211
866,2013-8-21,6.1234
867,2013-8-20,6.1246
868,2013-8-19,6.1229
869,2013-8-16,6.115
870,2013-8-15,6.1125
871,2013-8-14,6.1196
872,2013-8-13,6.1218
873,2013-8-12,6.1223
874,2013-8-9,6.1219
875,2013-8-8,6.1214
876,2013-8-7,6.1192
877,2013-8-6,6.1217
878,2013-8-5,6.1247
879,2013-8-2,6.1295
880,2013-8-1,6.1304
881,2013-7-31,6.1289
882,2013-7-30,6.1317
883,2013-7-29,6.1325
884,2013-7-26,6.1317
885,2013-7-25,6.1347
886,2013-7-24,6.136
887,2013-7-23,6.1374
888,2013-7-22,6.1409
889,2013-7-19,6.1379
890,2013-7-18,6.1413
891,2013-7-17,6.1353
892,2013-7-16,6.135
893,2013-7-15,6.1376
894,2013-7-12,6.1375
895,2013-7-11,6.1352
896,2013-7-10,6.1341
897,2013-7-9,6.1295
898,2013-7-8,6.1338
899,2013-7-5,6.1326
900,2013-7-4,6.1258
901,2013-7-3,6.1308
902,2013-7-2,6.133
903,2013-7-1,6.1327
904,2013-6-28,6.1376
905,2013-6-27,6.149
906,2013-6-26,6.147
907,2013-6-25,6.1453
908,2013-6-24,6.1451
909,2013-6-21,6.1334
910,2013-6-20,6.1282
911,2013-6-19,6.1269
912,2013-6-18,6.1285
913,2013-6-17,6.125
914,2013-6-14,6.1308
915,2013-6-13,6.1344
916,2013-6-12,6.1335
917,2013-6-11,6.1335
918,2013-6-10,6.1335
919,2013-6-7,6.1335
920,2013-6-6,6.1362
921,2013-6-5,6.1278
922,2013-6-4,6.1287
923,2013-6-3,6.1317
924,2013-5-31,6.1348
925,2013-5-30,6.1309
926,2013-5-29,6.1267
927,2013-5-28,6.1215
928,2013-5-27,6.1212
929,2013-5-24,6.1316
930,2013-5-23,6.134
931,2013-5-22,6.1311
932,2013-5-21,6.1356
933,2013-5-20,6.1389
934,2013-5-17,6.1412
935,2013-5-16,6.149
936,2013-5-15,6.1459
937,2013-5-14,6.1428
938,2013-5-13,6.1465
939,2013-5-10,6.1417
940,2013-5-9,6.1309
941,2013-5-8,6.1411
942,2013-5-7,6.1541
943,2013-5-6,6.1667
944,2013-5-3,6.1557
945,2013-5-2,6.1558
946,2013-5-1,6.165
947,2013-4-30,6.165
948,2013-4-29,6.165
949,2013-4-26,6.165
950,2013-4-25,6.1711
951,2013-4-24,6.1786
952,2013-4-23,6.1792
953,2013-4-22,6.1826
954,2013-4-19,6.1776
955,2013-4-18,6.1813
956,2013-4-17,6.1723
957,2013-4-16,6.1828
958,2013-4-15,6.1867
959,2013-4-12,6.1919
960,2013-4-11,6.1964
961,2013-4-10,6.1941
962,2013-4-9,6.2025
963,2013-4-8,6.2033
964,2013-4-5,6.2015
965,2013-4-4,6.2015
966,2013-4-3,6.201
967,2013-4-2,6.1986
968,2013-4-1,6.208
969,2013-3-29,6.2108
970,2013-3-28,6.2145
971,2013-3-27,6.214
972,2013-3-26,6.211
973,2013-3-25,6.2107
974,2013-3-22,6.2122
975,2013-3-21,6.2143
976,2013-3-20,6.2119
977,2013-3-19,6.2157
978,2013-3-18,6.2158
979,2013-3-15,6.2135
980,2013-3-14,6.2155
981,2013-3-13,6.2138
982,2013-3-12,6.2162
983,2013-3-11,6.2181
984,2013-3-8,6.2147
985,2013-3-7,6.2202
986,2013-3-6,6.2181
987,2013-3-5,6.221
988,2013-3-4,6.2251
989,2013-3-1,6.2226
990,2013-2-28,6.2214
991,2013-2-27,6.2273
992,2013-2-26,6.2295
993,2013-2-25,6.2339
994,2013-2-22,6.2351
995,2013-2-21,6.2405
996,2013-2-20,6.2376
997,2013-2-19,6.2443
998,2013-2-18,6.2427
999,2013-2-15,6.2325
1000,2013-2-14,6.2325
1001,2013-2-13,6.2325
1002,2013-2-12,6.2325
1003,2013-2-11,6.2325
1004,2013-2-8,6.2325
1005,2013-2-7,6.2325
1006,2013-2-6,6.2317
1007,2013-2-5,6.2294
1008,2013-2-4,6.2328
1009,2013-2-1,6.2274
1010,2013-1-31,6.2188
1011,2013-1-30,6.2205
1012,2013-1-29,6.2243
1013,2013-1-28,6.2226
1014,2013-1-25,6.2205
1015,2013-1-24,6.2181
1016,2013-1-23,6.218
1017,2013-1-22,6.2198
1018,2013-1-21,6.2213
1019,2013-1-18,6.2154
1020,2013-1-17,6.216
1021,2013-1-16,6.2165
1022,2013-1-15,6.2136
1023,2013-1-14,6.2192
1024,2013-1-11,6.2161
1025,2013-1-10,6.2237
1026,2013-1-9,6.2262
1027,2013-1-8,6.2241
1028,2013-1-7,6.2296
1029,2013-1-4,6.2305
1030,2013-1-3,6.2303
1031,2013-1-2,6.2303
1032,2013-1-1,6.2303
1033,2012-12-31,6.2303
1034,2012-12-28,6.2317
1035,2012-12-27,6.236
1036,2012-12-26,6.2353
1037,2012-12-25,6.2339
1038,2012-12-24,6.2336
1039,2012-12-21,6.2286
1040,2012-12-20,6.2302
1041,2012-12-19,6.2303
1042,2012-12-18,6.2324
1043,2012-12-17,6.2368
1044,2012-12-14,6.2415
1045,2012-12-13,6.2322
1046,2012-12-12,6.2513
1047,2012-12-11,6.2465
1048,2012-12-10,6.2464
1049,2012-12-7,6.2301
1050,2012-12-6,6.2283
1051,2012-12-5,6.2253
1052,2012-12-4,6.2256
1053,2012-12-3,6.2279
1054,2012-11-30,6.2267
1055,2012-11-29,6.2282
1056,2012-11-28,6.2274
1057,2012-11-27,6.2223
1058,2012-11-26,6.2255
1059,2012-11-23,6.2287
1060,2012-11-22,6.2289
1061,2012-11-21,6.2304
1062,2012-11-20,6.2326
1063,2012-11-19,6.2345
1064,2012-11-16,6.2356
1065,2012-11-15,6.2332
1066,2012-11-14,6.2252
1067,2012-11-13,6.226
1068,2012-11-12,6.2291
1069,2012-11-9,6.2452
1070,2012-11-8,6.2429
1071,2012-11-7,6.2437
1072,2012-11-6,6.2456
1073,2012-11-5,6.2454
1074,2012-11-2,6.2415
1075,2012-11-1,6.2411
1076,2012-10-31,6.2372
1077,2012-10-30,6.2405
1078,2012-10-29,6.2438
1079,2012-10-26,6.2485
1080,2012-10-25,6.2417
1081,2012-10-24,6.248
1082,2012-10-23,6.2479
1083,2012-10-22,6.2546
1084,2012-10-19,6.2538
1085,2012-10-18,6.2503
1086,2012-10-17,6.2545
1087,2012-10-16,6.2638
1088,2012-10-15,6.2704
1089,2012-10-12,6.2672
1090,2012-10-11,6.277
1091,2012-10-10,6.2833
1092,2012-10-9,6.2878
1093,2012-10-8,6.2878
1094,2012-10-5,6.2845
1095,2012-10-4,6.2845
1096,2012-10-3,6.2845
1097,2012-10-2,6.2845
1098,2012-10-1,6.2845
1099,2012-9-28,6.2845
1100,2012-9-27,6.3023
1101,2012-9-26,6.302
1102,2012-9-25,6.3062
1103,2012-9-24,6.3093
1104,2012-9-21,6.3053
1105,2012-9-20,6.3038
1106,2012-9-19,6.3093
1107,2012-9-18,6.3189
1108,2012-9-17,6.3175
1109,2012-9-14,6.3149
1110,2012-9-13,6.3297
1111,2012-9-12,6.3266
1112,2012-9-11,6.3351
1113,2012-9-10,6.3379
1114,2012-9-7,6.3429
1115,2012-9-6,6.343
1116,2012-9-5,6.3494
1117,2012-9-4,6.347
1118,2012-9-3,6.3405
1119,2012-8-31,6.3485
1120,2012-8-30,6.3498
1121,2012-8-29,6.3514
1122,2012-8-28,6.353
1123,2012-8-27,6.3568
1124,2012-8-24,6.3547
1125,2012-8-23,6.3538
1126,2012-8-22,6.3516
1127,2012-8-21,6.356
1128,2012-8-20,6.3593
1129,2012-8-17,6.3583
1130,2012-8-16,6.3659
1131,2012-8-15,6.3622
1132,2012-8-14,6.3588
1133,2012-8-13,6.3617
1134,2012-8-10,6.3604
1135,2012-8-9,6.3593
1136,2012-8-8,6.362
1137,2012-8-7,6.3666
1138,2012-8-6,6.374
1139,2012-8-3,6.3724
1140,2012-8-2,6.3674
1141,2012-8-1,6.3685
1142,2012-7-31,6.362
1143,2012-7-30,6.3795
1144,2012-7-27,6.3809
1145,2012-7-26,6.3842
1146,2012-7-25,6.3885
1147,2012-7-24,6.386
1148,2012-7-23,6.3861
1149,2012-7-20,6.3737
1150,2012-7-19,6.3729
1151,2012-7-18,6.3694
1152,2012-7-17,6.3728
1153,2012-7-16,6.3786
1154,2012-7-13,6.3792
1155,2012-7-12,6.3735
1156,2012-7-11,6.3684
1157,2012-7-10,6.3659
1158,2012-7-9,6.3714
1159,2012-7-6,6.3644
1160,2012-7-5,6.356
1161,2012-7-4,6.3477
1162,2012-7-3,6.3524
1163,2012-7-2,6.3487
1164,2012-6-29,6.3537
1165,2012-6-28,6.3575
1166,2012-6-27,6.3569
1167,2012-6-26,6.3629
1168,2012-6-25,6.3634
1169,2012-6-22,6.3649
1170,2012-6-21,6.3649
1171,2012-6-20,6.3598
1172,2012-6-19,6.3546
1173,2012-6-18,6.3573
1174,2012-6-15,6.3656
1175,2012-6-14,6.3705
1176,2012-6-13,6.369
1177,2012-6-12,6.3705
1178,2012-6-11,6.3692
1179,2012-6-8,6.3702
1180,2012-6-7,6.3637
1181,2012-6-6,6.3642
1182,2012-6-5,6.3675
1183,2012-6-4,6.3643
1184,2012-6-1,6.3695
1185,2012-5-31,6.3688
1186,2012-5-30,6.3579
1187,2012-5-29,6.3483
1188,2012-5-28,6.3452
1189,2012-5-25,6.3441
1190,2012-5-24,6.3448
1191,2012-5-23,6.3348
1192,2012-5-22,6.323
1193,2012-5-21,6.328
1194,2012-5-18,6.3283
1195,2012-5-17,6.326
1196,2012-5-16,6.3224
1197,2012-5-15,6.3179
1198,2012-5-14,6.3213
1199,2012-5-11,6.3102
1200,2012-5-10,6.3143
1201,2012-5-9,6.3101
1202,2012-5-8,6.3079
1203,2012-5-7,6.3078
1204,2012-5-4,6.306
1205,2012-5-3,6.3053
1206,2012-5-2,6.308
1207,2012-5-1,6.3099
1208,2012-4-30,6.3099
1209,2012-4-27,6.3099
1210,2012-4-26,6.3057
1211,2012-4-25,6.305
1212,2012-4-24,6.3074
1213,2012-4-23,6.3088
1214,2012-4-20,6.3086
1215,2012-4-19,6.3039
1216,2012-4-18,6.304
1217,2012-4-17,6.3022
1218,2012-4-16,6.3157
1219,2012-4-13,6.3035
1220,2012-4-12,6.3073
1221,2012-4-11,6.309
1222,2012-4-10,6.311
1223,2012-4-9,6.3089
1224,2012-4-6,6.3072
1225,2012-4-5,6.3135
1226,2012-4-4,6.298
1227,2012-4-3,6.298
1228,2012-4-2,6.2985
1229,2012-3-30,6.298
1230,2012-3-29,6.3058
1231,2012-3-28,6.3053
1232,2012-3-27,6.3065
1233,2012-3-26,6.3151
1234,2012-3-23,6.3061
1235,2012-3-22,6.2997
1236,2012-3-21,6.3228
1237,2012-3-20,6.3243
1238,2012-3-19,6.3226
1239,2012-3-16,6.323
1240,2012-3-15,6.3289
1241,2012-3-14,6.3321
1242,2012-3-13,6.327
1243,2012-3-12,6.3263
1244,2012-3-9,6.3107
1245,2012-3-8,6.3164
1246,2012-3-7,6.3099
1247,2012-3-6,6.3079
1248,2012-3-5,6.3069
1249,2012-3-2,6.299
1250,2012-3-1,6.3004
1251,2012-2-29,6.2938
1252,2012-2-28,6.2991
1253,2012-2-27,6.3016
1254,2012-2-24,6.2978
1255,2012-2-23,6.299
1256,2012-2-22,6.297
1257,2012-2-21,6.2965
1258,2012-2-20,6.3017
1259,2012-2-17,6.2988
1260,2012-2-16,6.3017
1261,2012-2-15,6.3002
1262,2012-2-14,6.2995
1263,2012-2-13,6.2976
1264,2012-2-10,6.2995
1265,2012-2-9,6.295
1266,2012-2-8,6.2948
1267,2012-2-7,6.3048
1268,2012-2-6,6.3124
1269,2012-2-3,6.303
1270,2012-2-2,6.302
1271,2012-2-1,6.3076
1272,2012-1-31,6.309
1273,2012-1-30,6.3338
1274,2012-1-27,6.334
1275,2012-1-26,6.334
1276,2012-1-25,6.334
1277,2012-1-24,6.334
1278,2012-1-23,6.334
1279,2012-1-20,6.334
1280,2012-1-19,6.3167
1281,2012-1-18,6.3119
1282,2012-1-17,6.3139
1283,2012-1-16,6.3165
1284,2012-1-13,6.3068
1285,2012-1-12,6.3181
1286,2012-1-11,6.3154
1287,2012-1-10,6.3148
1288,2012-1-9,6.3146
1289,2012-1-6,6.3094
1290,2012-1-5,6.3016
1291,2012-1-4,6.2945
1292,2012-1-3,6.2941
1293,2012-1-2,6.2941
1294,2011-12-30,6.2939
1295,2011-12-29,6.319
1296,2011-12-28,6.3212
1297,2011-12-27,6.3218
1298,2011-12-26,6.3194
1299,2011-12-23,6.3373
1300,2011-12-22,6.3395
1301,2011-12-21,6.3388
1302,2011-12-20,6.347
1303,2011-12-19,6.3377
1304,2011-12-16,6.3484
1305,2011-12-15,6.374
1306,2011-12-14,6.3712
1307,2011-12-13,6.3655
1308,2011-12-12,6.3609
1309,2011-12-9,6.3644
1310,2011-12-8,6.3627
1311,2011-12-7,6.3651
1312,2011-12-6,6.3647
1313,2011-12-5,6.364
1314,2011-12-2,6.3603
1315,2011-12-1,6.3685
1316,2011-11-30,6.3788
1317,2011-11-29,6.3773
1318,2011-11-28,6.385
1319,2011-11-25,6.3816
1320,2011-11-24,6.362
1321,2011-11-23,6.3583
1322,2011-11-22,6.3611
1323,2011-11-21,6.3619
1324,2011-11-18,6.3568
1325,2011-11-17,6.3517
1326,2011-11-16,6.3451
1327,2011-11-15,6.3473
1328,2011-11-14,6.3557
1329,2011-11-11,6.342
1330,2011-11-10,6.3467
1331,2011-11-9,6.3404
1332,2011-11-8,6.3468
1333,2011-11-7,6.3498
1334,2011-11-4,6.341
1335,2011-11-3,6.3514
1336,2011-11-2,6.3561
1337,2011-11-1,6.355
1338,2011-10-31,6.3552
1339,2011-10-28,6.3588
1340,2011-10-27,6.3595
1341,2011-10-26,6.3538
1342,2011-10-25,6.361
1343,2011-10-24,6.3752
1344,2011-10-21,6.3838
1345,2011-10-20,6.3843
1346,2011-10-19,6.3777
1347,2011-10-18,6.3809
1348,2011-10-17,6.3701
1349,2011-10-14,6.379
1350,2011-10-13,6.383
1351,2011-10-12,6.3593
1352,2011-10-11,6.375
1353,2011-10-10,6.3483
1354,2011-10-7,6.375
1355,2011-10-6,6.379
1356,2011-10-5,6.375
1357,2011-10-4,6.375
1358,2011-10-3,6.375
1359,2011-9-30,6.3822
1360,2011-9-29,6.3974
1361,2011-9-28,6.394
1362,2011-9-27,6.3984
1363,2011-9-26,6.398
1364,2011-9-23,6.388
1365,2011-9-22,6.3888
1366,2011-9-21,6.3821
1367,2011-9-20,6.3841
1368,2011-9-19,6.3866
1369,2011-9-16,6.383
1370,2011-9-15,6.389
1371,2011-9-14,6.392
1372,2011-9-13,6.399
1373,2011-9-12,6.3884
1374,2011-9-9,6.3882
1375,2011-9-8,6.3838
1376,2011-9-7,6.393
1377,2011-9-6,6.3905
1378,2011-9-5,6.3859
1379,2011-9-2,6.383
1380,2011-9-1,6.3815
1381,2011-8-31,6.379
1382,2011-8-30,6.3808
1383,2011-8-29,6.3812
1384,2011-8-26,6.3872
1385,2011-8-25,6.3904
1386,2011-8-24,6.3885
1387,2011-8-23,6.3984
1388,2011-8-22,6.4005
1389,2011-8-19,6.3915
1390,2011-8-18,6.3883
1391,2011-8-17,6.3872
1392,2011-8-16,6.3828
1393,2011-8-15,6.3908
1394,2011-8-12,6.3897
1395,2011-8-11,6.3945
1396,2011-8-10,6.4177
1397,2011-8-9,6.4308
1398,2011-8-8,6.4352
1399,2011-8-5,6.4406
1400,2011-8-4,6.4383
1401,2011-8-3,6.4343
1402,2011-8-2,6.4381
1403,2011-8-1,6.4339
1404,2011-7-29,6.437
1405,2011-7-28,6.4424
1406,2011-7-27,6.4436
1407,2011-7-26,6.4415
1408,2011-7-25,6.4448
1409,2011-7-22,6.4474
1410,2011-7-21,6.4545
1411,2011-7-20,6.4588
1412,2011-7-19,6.4635
1413,2011-7-18,6.469
1414,2011-7-15,6.462
1415,2011-7-14,6.46
1416,2011-7-13,6.4678
1417,2011-7-12,6.4723
1418,2011-7-11,6.4672
1419,2011-7-8,6.4645
1420,2011-7-7,6.4657
1421,2011-7-6,6.468
1422,2011-7-5,6.4681
1423,2011-7-4,6.463
1424,2011-7-1,6.465
1425,2011-6-30,6.4642
1426,2011-6-29,6.4634
1427,2011-6-28,6.4695
1428,2011-6-27,6.4825
1429,2011-6-24,6.475
1430,2011-6-23,6.4678
1431,2011-6-22,6.463
1432,2011-6-21,6.4652
1433,2011-6-20,6.473
1434,2011-6-17,6.471
1435,2011-6-16,6.4752
1436,2011-6-15,6.4818
1437,2011-6-14,6.4796
1438,2011-6-13,6.4829
1439,2011-6-10,6.4803
1440,2011-6-9,6.477
1441,2011-6-8,6.4756
1442,2011-6-7,6.482
1443,2011-6-6,6.4793
1444,2011-6-3,6.4793
1445,2011-6-2,6.4833
1446,2011-6-1,6.479
1447,2011-5-31,6.4795
1448,2011-5-30,6.4829
1449,2011-5-27,6.493
1450,2011-5-26,6.4905
1451,2011-5-25,6.494
1452,2011-5-24,6.4985
1453,2011-5-23,6.505
1454,2011-5-20,6.493
1455,2011-5-19,6.505
1456,2011-5-18,6.506
1457,2011-5-17,6.5059
1458,2011-5-16,6.5087
1459,2011-5-13,6.498
1460,2011-5-12,6.4987
1461,2011-5-11,6.492
1462,2011-5-10,6.4917
1463,2011-5-9,6.494
1464,2011-5-6,6.4932
1465,2011-5-5,6.4933
1466,2011-5-4,6.4933
1467,2011-5-3,6.497
1468,2011-5-2,6.4925
1469,2011-4-29,6.491
1470,2011-4-28,6.5018
1471,2011-4-27,6.5116
1472,2011-4-26,6.5278
1473,2011-4-25,6.5278
1474,2011-4-22,6.5072
1475,2011-4-21,6.494
1476,2011-4-20,6.5256
1477,2011-4-19,6.5305
1478,2011-4-18,6.5289
1479,2011-4-15,6.5327
1480,2011-4-14,6.5312
1481,2011-4-13,6.5335
1482,2011-4-12,6.5406
1483,2011-4-11,6.5382
1484,2011-4-8,6.5353
1485,2011-4-7,6.5423
1486,2011-4-6,6.5442
1487,2011-4-5,6.5418
1488,2011-4-4,6.54
1489,2011-4-1,6.5478
1490,2011-3-31,6.5486
1491,2011-3-30,6.556
1492,2011-3-29,6.561
1493,2011-3-28,6.5649
1494,2011-3-25,6.5571
1495,2011-3-24,6.5605
1496,2011-3-23,6.558
1497,2011-3-22,6.5525
1498,2011-3-21,6.565
1499,2011-3-18,6.5694
1500,2011-3-17,6.5755
1501,2011-3-16,6.5716
1502,2011-3-15,6.5724
1503,2011-3-14,6.57
1504,2011-3-11,6.5745
1505,2011-3-10,6.5737
1506,2011-3-9,6.5605
1507,2011-3-8,6.5686
1508,2011-3-7,6.5565
1509,2011-3-4,6.5675
1510,2011-3-3,6.5724
1511,2011-3-2,6.5725
1512,2011-3-1,6.5702
1513,2011-2-28,6.5716
1514,2011-2-25,6.5757
1515,2011-2-24,6.5745
1516,2011-2-23,6.5744
1517,2011-2-22,6.58
1518,2011-2-21,6.5672
1519,2011-2-18,6.5735
1520,2011-2-17,6.5863
1521,2011-2-16,6.5894
1522,2011-2-15,6.5892
1523,2011-2-14,6.5968
1524,2011-2-11,6.5918
1525,2011-2-10,6.5869
1526,2011-2-9,6.5926
1527,2011-2-8,6.5545
1528,2011-2-7,6.5625
1529,2011-2-4,6.5585
1530,2011-2-3,6.5585
1531,2011-2-2,6.5585
1532,2011-2-1,6.5959
1533,2011-1-31,6.605
1534,2011-1-28,6.5821
1535,2011-1-27,6.5821
1536,2011-1-26,6.5817
1537,2011-1-25,6.5826
1538,2011-1-24,6.5812
1539,2011-1-21,6.5835
1540,2011-1-20,6.5857
1541,2011-1-19,6.5825
1542,2011-1-18,6.5831
1543,2011-1-17,6.5933
1544,2011-1-14,6.5888
1545,2011-1-13,6.6067
1546,2011-1-12,6.6044
1547,2011-1-11,6.6193
1548,2011-1-10,6.6369
1549,2011-1-7,6.6282
1550,2011-1-6,6.6263
1551,2011-1-5,6.6193
1552,2011-1-4,6.607
1553,2011-1-3,6.5898
1554,2010-12-31,6.5906
1555,2010-12-30,6.6025
1556,2010-12-29,6.6225
1557,2010-12-28,6.6247
1558,2010-12-27,6.6313
1559,2010-12-24,6.6271
1560,2010-12-23,6.6475
1561,2010-12-22,6.6475
1562,2010-12-21,6.6585
1563,2010-12-20,6.6747
1564,2010-12-17,6.6555
1565,2010-12-16,6.6638
1566,2010-12-15,6.6548
1567,2010-12-14,6.6565
1568,2010-12-13,6.6664
1569,2010-12-10,6.6553
1570,2010-12-9,6.6552
1571,2010-12-8,6.663
1572,2010-12-7,6.6457
1573,2010-12-6,6.6488
1574,2010-12-3,6.6633
1575,2010-12-2,6.6614
1576,2010-12-1,6.6631
1577,2010-11-30,6.667
1578,2010-11-29,6.6605
1579,2010-11-26,6.6686
1580,2010-11-25,6.6502
1581,2010-11-24,6.6534
1582,2010-11-23,6.6442
1583,2010-11-22,6.6423
1584,2010-11-19,6.6401
1585,2010-11-18,6.6334
1586,2010-11-17,6.642
1587,2010-11-16,6.6386
1588,2010-11-15,6.6437
1589,2010-11-12,6.6371
1590,2010-11-11,6.625
1591,2010-11-10,6.6341
1592,2010-11-9,6.644
1593,2010-11-8,6.6812
1594,2010-11-5,6.6558
1595,2010-11-4,6.6623
1596,2010-11-3,6.6768
1597,2010-11-2,6.6785
1598,2010-11-1,6.6917
1599,2010-10-29,6.6707
1600,2010-10-28,6.6871
1601,2010-10-27,6.681
1602,2010-10-26,6.6626
1603,2010-10-25,6.6582
1604,2010-10-22,6.6589
1605,2010-10-21,6.6507
1606,2010-10-20,6.6525
1607,2010-10-19,6.6446
1608,2010-10-18,6.6442
1609,2010-10-15,6.6409
1610,2010-10-14,6.6512
1611,2010-10-13,6.6639
1612,2010-10-12,6.6737
1613,2010-10-11,6.669
1614,2010-10-8,6.672
1615,2010-10-7,6.6918
1616,2010-10-6,6.6918
1617,2010-10-5,6.6919
1618,2010-10-4,6.6913
1619,2010-10-1,6.69
1620,2010-9-30,6.6917
1621,2010-9-29,6.6874
1622,2010-9-28,6.6929
1623,2010-9-27,6.6917
1624,2010-9-24,6.704
1625,2010-9-23,6.7066
1626,2010-9-22,6.704
1627,2010-9-21,6.7066
1628,2010-9-20,6.714
1629,2010-9-17,6.7241
1630,2010-9-16,6.725
1631,2010-9-15,6.739
1632,2010-9-14,6.744
1633,2010-9-13,6.76
1634,2010-9-10,6.7697
1635,2010-9-9,6.7828
1636,2010-9-8,6.7942
1637,2010-9-7,6.7914
1638,2010-9-6,6.7873
1639,2010-9-3,6.8014
1640,2010-9-2,6.8077
1641,2010-9-1,6.8109
1642,2010-8-31,6.8075
1643,2010-8-30,6.803
1644,2010-8-27,6.798
1645,2010-8-26,6.7999
1646,2010-8-25,6.7996
1647,2010-8-24,6.7969
1648,2010-8-23,6.8
1649,2010-8-20,6.7908
1650,2010-8-19,6.7899
1651,2010-8-18,6.7919
1652,2010-8-17,6.7923
1653,2010-8-16,6.8041
1654,2010-8-13,6.7961
1655,2010-8-12,6.7848
1656,2010-8-11,6.7749
1657,2010-8-10,6.7722
1658,2010-8-9,6.7674
1659,2010-8-6,6.7683
1660,2010-8-5,6.7715
1661,2010-8-4,6.7725
1662,2010-8-3,6.7733
1663,2010-8-2,6.7743
1664,2010-7-30,6.774
1665,2010-7-29,6.7763
1666,2010-7-28,6.7782
1667,2010-7-27,6.7783
1668,2010-7-26,6.7791
1669,2010-7-23,6.7804
1670,2010-7-22,6.7797
1671,2010-7-21,6.777
1672,2010-7-20,6.7783
1673,2010-7-19,6.7782
1674,2010-7-16,6.7752
1675,2010-7-15,6.7781
1676,2010-7-14,6.7716
1677,2010-7-13,6.7722
1678,2010-7-12,6.771
1679,2010-7-9,6.7729
1680,2010-7-8,6.7763
1681,2010-7-7,6.7774
1682,2010-7-6,6.7805
1683,2010-7-5,6.7758
1684,2010-7-2,6.7716
1685,2010-7-1,6.781
1686,2010-6-30,6.7817
1687,2010-6-29,6.7979
1688,2010-6-28,6.7965
1689,2010-6-25,6.7921
1690,2010-6-24,6.7996
1691,2010-6-23,6.8121
1692,2010-6-22,6.8133
1693,2010-6-21,6.7971
1694,2010-6-18,6.8272
1695,2010-6-17,6.8293
1696,2010-6-16,6.8333
1697,2010-6-15,6.8333
1698,2010-6-14,6.8333
1699,2010-6-11,6.8323
1700,2010-6-10,6.8307
1701,2010-6-9,6.8285
1702,2010-6-8,6.8294
1703,2010-6-7,6.8323
1704,2010-6-4,6.8287
1705,2010-6-3,6.8284
1706,2010-6-2,6.8298
1707,2010-6-1,6.8287
1708,2010-5-31,6.8278
1709,2010-5-28,6.8308
1710,2010-5-27,6.8296
1711,2010-5-26,6.8293
1712,2010-5-25,6.8313
1713,2010-5-24,6.8287
1714,2010-5-21,6.8262
1715,2010-5-20,6.8278
1716,2010-5-19,6.8274
1717,2010-5-18,6.8274
1718,2010-5-17,6.8277
1719,2010-5-14,6.8268
1720,2010-5-13,6.8279
1721,2010-5-12,6.8277
1722,2010-5-11,6.829
1723,2010-5-10,6.8266
1724,2010-5-7,6.8257
1725,2010-5-6,6.8266
1726,2010-5-5,6.8263
1727,2010-5-4,6.8265
1728,2010-5-3,6.825
1729,2010-4-30,6.8252
1730,2010-4-29,6.8259
1731,2010-4-28,6.825
1732,2010-4-27,6.8257
1733,2010-4-26,6.8267
1734,2010-4-23,6.8275
1735,2010-4-22,6.8264
1736,2010-4-21,6.8276
1737,2010-4-20,6.8254
1738,2010-4-19,6.8262
1739,2010-4-16,6.8255
1740,2010-4-15,6.8261
1741,2010-4-14,6.8258
1742,2010-4-13,6.8256
1743,2010-4-12,6.8257
1744,2010-4-9,6.8234
1745,2010-4-8,6.8241
1746,2010-4-7,6.8255
1747,2010-4-6,6.8255
1748,2010-4-5,6.8256
1749,2010-4-2,6.8256
1750,2010-4-1,6.8264
1751,2010-3-31,6.8259
1752,2010-3-30,6.8258
1753,2010-3-29,6.8264
1754,2010-3-26,6.827
1755,2010-3-25,6.8271
1756,2010-3-24,6.8266
1757,2010-3-23,6.8263
1758,2010-3-22,6.8266
1759,2010-3-19,6.8266
1760,2010-3-18,6.8262
1761,2010-3-17,6.826
1762,2010-3-16,6.826
1763,2010-3-15,6.8261
1764,2010-3-12,6.8256
1765,2010-3-11,6.8276
1766,2010-3-10,6.8259
1767,2010-3-9,6.8263
1768,2010-3-8,6.8263
1769,2010-3-5,6.8265
1770,2010-3-4,6.8263
1771,2010-3-3,6.8258
1772,2010-3-2,6.8266
1773,2010-3-1,6.8264
1774,2010-2-26,6.8261
1775,2010-2-25,6.8268
1776,2010-2-24,6.827
1777,2010-2-23,6.8277
1778,2010-2-22,6.8274
1779,2010-2-19,6.8291
1780,2010-2-18,6.8331
1781,2010-2-17,6.8334
1782,2010-2-16,6.8334
1783,2010-2-15,6.8334
1784,2010-2-12,6.8334
1785,2010-2-11,6.8338
1786,2010-2-10,6.8285
1787,2010-2-9,6.8268
1788,2010-2-8,6.8266
1789,2010-2-5,6.8285
1790,2010-2-4,6.8285
1791,2010-2-3,6.827
1792,2010-2-2,6.8271
1793,2010-2-1,6.827
1794,2010-1-29,6.8269
1795,2010-1-28,6.8269
1796,2010-1-27,6.8278
1797,2010-1-26,6.8266
1798,2010-1-25,6.8269
1799,2010-1-22,6.827
1800,2010-1-21,6.8269
1801,2010-1-20,6.827
1802,2010-1-19,6.8278
1803,2010-1-18,6.8268
1804,2010-1-15,6.827
1805,2010-1-14,6.827
1806,2010-1-13,6.8298
1807,2010-1-12,6.827
1808,2010-1-11,6.8263
1809,2010-1-8,6.8276
1810,2010-1-7,6.8281
1811,2010-1-6,6.8278
1812,2010-1-5,6.8268
1813,2010-1-4,6.8285
1814,2010-1-1,6.827
1815,2009-12-31,6.827
1816,2009-12-30,6.8255
1817,2009-12-29,6.8292
1818,2009-12-28,6.8302
1819,2009-12-25,6.8274
1820,2009-12-24,6.828
1821,2009-12-23,6.8285
1822,2009-12-22,6.8285
1823,2009-12-21,6.8285
1824,2009-12-18,6.8281
1825,2009-12-17,6.8296
1826,2009-12-16,6.8279
1827,2009-12-15,6.8275
1828,2009-12-14,6.8281
1829,2009-12-11,6.8276
1830,2009-12-10,6.8276
1831,2009-12-9,6.8276
1832,2009-12-8,6.8276
1833,2009-12-7,6.8294
1834,2009-12-4,6.8266
1835,2009-12-3,6.827
1836,2009-12-2,6.827
1837,2009-12-1,6.828
1838,2009-11-30,6.8275
1839,2009-11-27,6.8284
1840,2009-11-26,6.829
1841,2009-11-25,6.8273
1842,2009-11-24,6.8295
1843,2009-11-23,6.828
1844,2009-11-20,6.8278
1845,2009-11-19,6.8285
1846,2009-11-18,6.827
1847,2009-11-17,6.8265
1848,2009-11-16,6.827
1849,2009-11-13,6.8263
1850,2009-11-12,6.8268
1851,2009-11-11,6.8259
1852,2009-11-10,6.8266
1853,2009-11-9,6.827
1854,2009-11-6,6.8274
1855,2009-11-5,6.8276
1856,2009-11-4,6.827
1857,2009-11-3,6.8279
1858,2009-11-2,6.8279
1859,2009-10-30,6.8275
1860,2009-10-29,6.828
1861,2009-10-28,6.8282
1862,2009-10-27,6.8294
1863,2009-10-26,6.8277
1864,2009-10-23,6.8285
1865,2009-10-22,6.829
1866,2009-10-21,6.8274
1867,2009-10-20,6.8266
1868,2009-10-19,6.8268
1869,2009-10-16,6.8268
1870,2009-10-15,6.8275
1871,2009-10-14,6.8263
1872,2009-10-13,6.8266
1873,2009-10-12,6.8233
1874,2009-10-9,6.8255
1875,2009-10-8,6.8265
1876,2009-10-7,6.8265
1877,2009-10-6,6.8265
1878,2009-10-5,6.8265
1879,2009-10-2,6.8265
1880,2009-10-1,6.8265
1881,2009-9-30,6.8265
1882,2009-9-29,6.828
1883,2009-9-28,6.827
1884,2009-9-25,6.8285
1885,2009-9-24,6.8268
1886,2009-9-23,6.8262
1887,2009-9-22,6.827
1888,2009-9-21,6.8289
1889,2009-9-18,6.8281
1890,2009-9-17,6.8265
1891,2009-9-16,6.8252
1892,2009-9-15,6.8289
1893,2009-9-14,6.8289
1894,2009-9-11,6.8285
1895,2009-9-10,6.8293
1896,2009-9-9,6.8288
1897,2009-9-8,6.8276
1898,2009-9-7,6.829
1899,2009-9-4,6.8298
1900,2009-9-3,6.8306
1901,2009-9-2,6.8308
1902,2009-9-1,6.8302
1903,2009-8-31,6.8304
1904,2009-8-28,6.8301
1905,2009-8-27,6.8318
1906,2009-8-26,6.8312
1907,2009-8-25,6.8315
1908,2009-8-24,6.8312
1909,2009-8-21,6.8314
1910,2009-8-20,6.8318
1911,2009-8-19,6.8341
1912,2009-8-18,6.8339
1913,2009-8-17,6.8362
1914,2009-8-14,6.8344
1915,2009-8-13,6.8336
1916,2009-8-12,6.8351
1917,2009-8-11,6.8361
1918,2009-8-10,6.8343
1919,2009-8-7,6.8318
1920,2009-8-6,6.8313
1921,2009-8-5,6.8308
1922,2009-8-4,6.8312
1923,2009-8-3,6.8318
1924,2009-7-31,6.8321
1925,2009-7-30,6.8323
1926,2009-7-29,6.8315
1927,2009-7-28,6.8307
1928,2009-7-27,6.8312
1929,2009-7-24,6.8314
1930,2009-7-23,6.8309
1931,2009-7-22,6.8307
1932,2009-7-21,6.831
1933,2009-7-20,6.8308
1934,2009-7-17,6.8314
1935,2009-7-16,6.8312
1936,2009-7-15,6.8317
1937,2009-7-14,6.8329
1938,2009-7-13,6.8328
1939,2009-7-10,6.8327
1940,2009-7-9,6.8318
1941,2009-7-8,6.8328
1942,2009-7-7,6.8328
1943,2009-7-6,6.8344
1944,2009-7-3,6.8325
1945,2009-7-2,6.8314
1946,2009-7-1,6.8341
1947,2009-6-30,6.8305
1948,2009-6-29,6.8335
1949,2009-6-26,6.8335
1950,2009-6-25,6.8346
1951,2009-6-24,6.8332
1952,2009-6-23,6.8347
1953,2009-6-22,6.8355
1954,2009-6-19,6.8363
1955,2009-6-18,6.8347
1956,2009-6-17,6.8369
1957,2009-6-16,6.834
1958,2009-6-15,6.8363
1959,2009-6-12,6.8354
1960,2009-6-11,6.8369
1961,2009-6-10,6.8332
1962,2009-6-9,6.8354
1963,2009-6-8,6.8373
1964,2009-6-5,6.8331
1965,2009-6-4,6.8333
1966,2009-6-3,6.8308
1967,2009-6-2,6.8308
1968,2009-6-1,6.8266
1969,2009-5-29,6.8283
1970,2009-5-28,6.8283
1971,2009-5-27,6.8283
1972,2009-5-26,6.8328
1973,2009-5-25,6.8239
1974,2009-5-22,6.8232
1975,2009-5-21,6.8247
1976,2009-5-20,6.825
1977,2009-5-19,6.8246
1978,2009-5-18,6.827
1979,2009-5-15,6.825
1980,2009-5-14,6.8247
1981,2009-5-13,6.8225
1982,2009-5-12,6.8215
1983,2009-5-11,6.8236
1984,2009-5-8,6.8214
1985,2009-5-7,6.8215
1986,2009-5-6,6.8181
1987,2009-5-5,6.8193
1988,2009-5-4,6.8224
1989,2009-5-1,6.8185
1990,2009-4-30,6.8185
1991,2009-4-29,6.8245
1992,2009-4-28,6.8268
1993,2009-4-27,6.8272
1994,2009-4-24,6.8265
1995,2009-4-23,6.8268
1996,2009-4-22,6.8299
1997,2009-4-21,6.8259
1998,2009-4-20,6.8336
1999,2009-4-17,6.8326
2000,2009-4-16,6.8321
2001,2009-4-15,6.8325
2002,2009-4-14,6.8323
2003,2009-4-13,6.8353
2004,2009-4-10,6.8337
2005,2009-4-9,6.8345
2006,2009-4-8,6.8355
2007,2009-4-7,6.8365
2008,2009-4-6,6.8348
2009,2009-4-3,6.8348
2010,2009-4-2,6.8345
2011,2009-4-1,6.8342
2012,2009-3-31,6.8334
2013,2009-3-30,6.8366
2014,2009-3-27,6.8315
2015,2009-3-26,6.8322
2016,2009-3-25,6.8309
2017,2009-3-24,6.8295
2018,2009-3-23,6.8338
2019,2009-3-20,6.8277
2020,2009-3-19,6.8245
2021,2009-3-18,6.8348
2022,2009-3-17,6.8371
2023,2009-3-16,6.8383
2024,2009-3-13,6.8382
2025,2009-3-12,6.8388
2026,2009-3-11,6.8404
2027,2009-3-10,6.8414
2028,2009-3-9,6.8405
2029,2009-3-6,6.84
2030,2009-3-5,6.8408
2031,2009-3-4,6.8434
2032,2009-3-3,6.8414
2033,2009-3-2,6.844
2034,2009-2-27,6.8396
2035,2009-2-26,6.8366
2036,2009-2-25,6.8374
2037,2009-2-24,6.8373
2038,2009-2-23,6.836
2039,2009-2-20,6.8372
2040,2009-2-19,6.8355
2041,2009-2-18,6.8379
2042,2009-2-17,6.836
2043,2009-2-16,6.8254
2044,2009-2-13,6.8397
2045,2009-2-12,6.835
2046,2009-2-11,6.8332
2047,2009-2-10,6.8247
2048,2009-2-9,6.8397
2049,2009-2-6,6.8344
2050,2009-2-5,6.836
2051,2009-2-4,6.834
2052,2009-2-3,6.8405
2053,2009-2-2,6.8475
2054,2009-1-30,6.835
2055,2009-1-29,6.8397
2056,2009-1-28,6.8397
2057,2009-1-27,6.8397
2058,2009-1-26,6.8397
2059,2009-1-23,6.8397
2060,2009-1-22,6.8375
2061,2009-1-21,6.8397
2062,2009-1-20,6.841
2063,2009-1-19,6.8355
2064,2009-1-16,6.8374
2065,2009-1-15,6.8365
2066,2009-1-14,6.835
2067,2009-1-13,6.8342
2068,2009-1-12,6.8366
2069,2009-1-9,6.8355
2070,2009-1-8,6.8347
2071,2009-1-7,6.8335
2072,2009-1-6,6.8365
2073,2009-1-5,6.8305
2074,2009-1-2,6.823
2075,2009-1-1,6.823
2076,2008-12-31,6.823
2077,2008-12-30,6.8308
2078,2008-12-29,6.8452
2079,2008-12-26,6.8414
2080,2008-12-25,6.8313
2081,2008-12-24,6.836
2082,2008-12-23,6.8485
2083,2008-12-22,6.8518
2084,2008-12-19,6.8445
2085,2008-12-18,6.8345
2086,2008-12-17,6.8353
2087,2008-12-16,6.845
2088,2008-12-15,6.8492
2089,2008-12-12,6.8425
2090,2008-12-11,6.8514
2091,2008-12-10,6.8645
2092,2008-12-9,6.8735
2093,2008-12-8,6.8791
2094,2008-12-5,6.8752
2095,2008-12-4,6.8822
2096,2008-12-3,6.8753
2097,2008-12-2,6.8793
2098,2008-12-1,6.8849
2099,2008-11-28,6.8259
2100,2008-11-27,6.8283
2101,2008-11-26,6.8287
2102,2008-11-25,6.824
2103,2008-11-24,6.8254
2104,2008-11-21,6.8307
2105,2008-11-20,6.8345
2106,2008-11-19,6.83
2107,2008-11-18,6.8244
2108,2008-11-17,6.827
2109,2008-11-14,6.8243
2110,2008-11-13,6.83
2111,2008-11-12,6.8296
2112,2008-11-11,6.8211
2113,2008-11-10,6.8265
2114,2008-11-7,6.8256
2115,2008-11-6,6.8232
2116,2008-11-5,6.8284
2117,2008-11-4,6.836
2118,2008-11-3,6.8381
2119,2008-10-31,6.8395
2120,2008-10-30,6.8382
2121,2008-10-29,6.8415
2122,2008-10-28,6.8388
2123,2008-10-27,6.8523
2124,2008-10-24,6.8441
2125,2008-10-23,6.8355
2126,2008-10-22,6.8347
2127,2008-10-21,6.8336
2128,2008-10-20,6.8301
2129,2008-10-17,6.8341
2130,2008-10-16,6.8339
2131,2008-10-15,6.8315
2132,2008-10-14,6.8312
2133,2008-10-13,6.835
2134,2008-10-10,6.835
2135,2008-10-9,6.8205
2136,2008-10-8,6.8136
2137,2008-10-7,6.8152
2138,2008-10-6,6.8429
2139,2008-10-3,6.8451
2140,2008-10-2,6.8451
2141,2008-10-1,6.8451
2142,2008-9-30,6.8451
2143,2008-9-29,6.8451
2144,2008-9-26,6.8451
2145,2008-9-25,6.8204
2146,2008-9-24,6.824
2147,2008-9-23,6.8126
2148,2008-9-22,6.8311
2149,2008-9-19,6.835
2150,2008-9-18,6.8345
2151,2008-9-17,6.8379
2152,2008-9-16,6.8491
2153,2008-9-15,6.8487
2154,2008-9-12,6.8375
2155,2008-9-11,6.8487
2156,2008-9-10,6.8385
2157,2008-9-9,6.8386
2158,2008-9-8,6.8374
2159,2008-9-5,6.8423
2160,2008-9-4,6.836
2161,2008-9-3,6.8434
2162,2008-9-2,6.833
2163,2008-9-1,6.8253
2164,2008-8-29,6.8487
2165,2008-8-28,6.8291
2166,2008-8-27,6.8375
2167,2008-8-26,6.848
2168,2008-8-25,6.8487
2169,2008-8-22,6.8342
2170,2008-8-21,6.8442
2171,2008-8-20,6.8547
2172,2008-8-19,6.8599
2173,2008-8-18,6.871
2174,2008-8-15,6.87
2175,2008-8-14,6.863
2176,2008-8-13,6.8572
2177,2008-8-12,6.8659
2178,2008-8-11,6.8577
2179,2008-8-8,6.8575
2180,2008-8-7,6.8632
2181,2008-8-6,6.8487
2182,2008-8-5,6.8555
2183,2008-8-4,6.8518
2184,2008-8-1,6.8425
2185,2008-7-31,6.8315
2186,2008-7-30,6.8265
2187,2008-7-29,6.8257
2188,2008-7-28,6.8375
2189,2008-7-25,6.819
2190,2008-7-24,6.8289
2191,2008-7-23,6.8295
2192,2008-7-22,6.8217
2193,2008-7-21,6.83
2194,2008-7-18,6.8168
2195,2008-7-17,6.8209
2196,2008-7-16,6.8109
2197,2008-7-15,6.8212
2198,2008-7-14,6.8449
2199,2008-7-11,6.8341
2200,2008-7-10,6.8429
2201,2008-7-9,6.8599
2202,2008-7-8,6.8581
2203,2008-7-7,6.8674
2204,2008-7-4,6.859
2205,2008-7-3,6.851
2206,2008-7-2,6.8531
2207,2008-7-1,6.8564
2208,2008-6-30,6.8544
2209,2008-6-27,6.8618
2210,2008-6-26,6.8657
2211,2008-6-25,6.8653
2212,2008-6-24,6.8702
2213,2008-6-23,6.8742
2214,2008-6-20,6.8801
2215,2008-6-19,6.8775
2216,2008-6-18,6.8822
2217,2008-6-17,6.8914
2218,2008-6-16,6.9005
2219,2008-6-13,6.902
2220,2008-6-12,6.9075
2221,2008-6-11,6.918
2222,2008-6-10,6.9199
2223,2008-6-9,6.9231
2224,2008-6-6,6.9231
2225,2008-6-5,6.948
2226,2008-6-4,6.9394
2227,2008-6-3,6.9252
2228,2008-6-2,6.933
2229,2008-5-30,6.9425
2230,2008-5-29,6.9379
2231,2008-5-28,6.9444
2232,2008-5-27,6.95
2233,2008-5-26,6.9365
2234,2008-5-23,6.9416
2235,2008-5-22,6.9435
2236,2008-5-21,6.9597
2237,2008-5-20,6.9735
2238,2008-5-19,6.9725
2239,2008-5-16,6.9925
2240,2008-5-15,6.9947
2241,2008-5-14,7.0026
2242,2008-5-13,6.9887
2243,2008-5-12,6.9886
2244,2008-5-9,6.9878
2245,2008-5-8,7.0048
2246,2008-5-7,6.989
2247,2008-5-6,6.9877
2248,2008-5-5,6.9883
2249,2008-5-2,6.9885
2250,2008-5-1,6.9885
2251,2008-4-30,6.9885
2252,2008-4-29,6.9849
2253,2008-4-28,7.0024
2254,2008-4-25,7.01
2255,2008-4-24,6.9875
2256,2008-4-23,6.9825
2257,2008-4-22,6.989
2258,2008-4-21,7
2259,2008-4-18,6.9939
2260,2008-4-17,6.9842
2261,2008-4-16,6.9922
2262,2008-4-15,6.9925
2263,2008-4-14,6.9994
2264,2008-4-11,7.0065
2265,2008-4-10,6.992
2266,2008-4-9,7.0021
2267,2008-4-8,7.0012
2268,2008-4-7,7.0015
2269,2008-4-4,7.0175
2270,2008-4-3,7.0175
2271,2008-4-2,7.0189
2272,2008-4-1,7.012
2273,2008-3-31,7.0124
2274,2008-3-28,7.012
2275,2008-3-27,7.0109
2276,2008-3-26,7.0294
2277,2008-3-25,7.0519
2278,2008-3-24,7.0555
2279,2008-3-21,7.053
2280,2008-3-20,7.0525
2281,2008-3-19,7.0667
2282,2008-3-18,7.08
2283,2008-3-17,7.0832
2284,2008-3-14,7.0906
2285,2008-3-13,7.0904
2286,2008-3-12,7.1014
2287,2008-3-11,7.1031
2288,2008-3-10,7.1065
2289,2008-3-7,7.1114
2290,2008-3-6,7.106
2291,2008-3-5,7.11
2292,2008-3-4,7.1064
2293,2008-3-3,7.104
2294,2008-2-29,7.1119
2295,2008-2-28,7.1125
2296,2008-2-27,7.1425
2297,2008-2-26,7.157
2298,2008-2-25,7.152
2299,2008-2-22,7.1422
2300,2008-2-21,7.141
2301,2008-2-20,7.144
2302,2008-2-19,7.15
2303,2008-2-18,7.1655
2304,2008-2-15,7.18
2305,2008-2-14,7.19
2306,2008-2-13,7.1977
2307,2008-2-12,7.19
2308,2008-2-11,7.192
2309,2008-2-8,7.1896
2310,2008-2-7,7.1896
2311,2008-2-6,7.1896
2312,2008-2-5,7.184
2313,2008-2-4,7.1919
2314,2008-2-1,7.183
2315,2008-1-31,7.1822
2316,2008-1-30,7.191
2317,2008-1-29,7.1949
2318,2008-1-28,7.1967
2319,2008-1-25,7.2106
2320,2008-1-24,7.223
2321,2008-1-23,7.2322
2322,2008-1-22,7.2392
2323,2008-1-21,7.241
2324,2008-1-18,7.2423
2325,2008-1-17,7.2486
2326,2008-1-16,7.2324
2327,2008-1-15,7.2421
2328,2008-1-14,7.2515
2329,2008-1-11,7.2625
2330,2008-1-10,7.2714
2331,2008-1-9,7.2636
2332,2008-1-8,7.2647
2333,2008-1-7,7.2694
2334,2008-1-4,7.273
2335,2008-1-3,7.2729
2336,2008-1-2,7.2938
2337,2008-1-1,7.3041
2338,2007-12-31,7.3041
2339,2007-12-28,7.3041
2340,2007-12-27,7.3179
2341,2007-12-26,7.3448
2342,2007-12-25,7.3301
2343,2007-12-24,7.3477
2344,2007-12-21,7.365
2345,2007-12-20,7.369
2346,2007-12-19,7.377
2347,2007-12-18,7.385
2348,2007-12-17,7.3796
2349,2007-12-14,7.371
2350,2007-12-13,7.3675
2351,2007-12-12,7.374
2352,2007-12-11,7.3805
2353,2007-12-10,7.396
2354,2007-12-7,7.403
2355,2007-12-6,7.4135
2356,2007-12-5,7.3933
2357,2007-12-4,7.3985
2358,2007-12-3,7.4025
2359,2007-11-30,7.398
2360,2007-11-29,7.382
2361,2007-11-28,7.395
2362,2007-11-27,7.3872
2363,2007-11-26,7.3969
2364,2007-11-23,7.3993
2365,2007-11-22,7.412
2366,2007-11-21,7.411
2367,2007-11-20,7.4253
2368,2007-11-19,7.426
2369,2007-11-16,7.4245
2370,2007-11-15,7.422
2371,2007-11-14,7.425
2372,2007-11-13,7.4335
2373,2007-11-12,7.412
2374,2007-11-9,7.4115
2375,2007-11-8,7.4207
2376,2007-11-7,7.4425
2377,2007-11-6,7.454
2378,2007-11-5,7.454
2379,2007-11-2,7.4555
2380,2007-11-1,7.461
2381,2007-10-31,7.4715
2382,2007-10-30,7.4715
2383,2007-10-29,7.475
2384,2007-10-26,7.488
2385,2007-10-25,7.482
2386,2007-10-24,7.4938
2387,2007-10-23,7.5035
2388,2007-10-22,7.5095
2389,2007-10-19,7.5083
2390,2007-10-18,7.511
2391,2007-10-17,7.516
2392,2007-10-16,7.518
2393,2007-10-15,7.528
2394,2007-10-12,7.5105
2395,2007-10-11,7.506
2396,2007-10-10,7.5115
2397,2007-10-9,7.517
2398,2007-10-8,7.5036
2399,2007-10-5,7.506
2400,2007-10-4,7.506
2401,2007-10-3,7.506
2402,2007-10-2,7.506
2403,2007-10-1,7.506
2404,2007-9-28,7.506
2405,2007-9-27,7.5145
2406,2007-9-26,7.515
2407,2007-9-25,7.513
2408,2007-9-24,7.509
2409,2007-9-21,7.503
2410,2007-9-20,7.514
2411,2007-9-19,7.513
2412,2007-9-18,7.523
2413,2007-9-17,7.523
2414,2007-9-14,7.516
2415,2007-9-13,7.5105
2416,2007-9-12,7.5217
2417,2007-9-11,7.523
2418,2007-9-10,7.521
2419,2007-9-7,7.538
2420,2007-9-6,7.5388
2421,2007-9-5,7.5512
2422,2007-9-4,7.55
2423,2007-9-3,7.5449
2424,2007-8-31,7.545
2425,2007-8-30,7.5445
2426,2007-8-29,7.549
2427,2007-8-28,7.5555
2428,2007-8-27,7.56
2429,2007-8-24,7.568
2430,2007-8-23,7.584
2431,2007-8-22,7.602
2432,2007-8-21,7.59
2433,2007-8-20,7.5875
2434,2007-8-17,7.595
2435,2007-8-16,7.603
2436,2007-8-15,7.5847
2437,2007-8-14,7.5761
2438,2007-8-13,7.583
2439,2007-8-10,7.574
2440,2007-8-9,7.5651
2441,2007-8-8,7.577
2442,2007-8-7,7.5703
2443,2007-8-6,7.561
2444,2007-8-3,7.565
2445,2007-8-2,7.572
2446,2007-8-1,7.57
2447,2007-7-31,7.5725
2448,2007-7-30,7.567
2449,2007-7-27,7.56
2450,2007-7-26,7.5654
2451,2007-7-25,7.557
2452,2007-7-24,7.5625
2453,2007-7-23,7.562
2454,2007-7-20,7.57
2455,2007-7-19,7.563
2456,2007-7-18,7.566
2457,2007-7-17,7.562
2458,2007-7-16,7.5675
2459,2007-7-13,7.57
2460,2007-7-12,7.566
2461,2007-7-11,7.563
2462,2007-7-10,7.581
2463,2007-7-9,7.6015
2464,2007-7-6,7.601
2465,2007-7-5,7.598
2466,2007-7-4,7.595
2467,2007-7-3,7.594
2468,2007-7-2,7.605
2469,2007-6-29,7.6135
2470,2007-6-28,7.615
2471,2007-6-27,7.618
2472,2007-6-26,7.616
2473,2007-6-25,7.6195
2474,2007-6-22,7.625
2475,2007-6-21,7.619
2476,2007-6-20,7.6175
2477,2007-6-19,7.6175
2478,2007-6-18,7.63
2479,2007-6-15,7.625
2480,2007-6-14,7.6254
2481,2007-6-13,7.632
2482,2007-6-12,7.6435
2483,2007-6-11,7.665
2484,2007-6-8,7.655
2485,2007-6-7,7.648
2486,2007-6-6,7.635
2487,2007-6-5,7.6426
2488,2007-6-4,7.649
2489,2007-6-1,7.6463
2490,2007-5-31,7.6475
2491,2007-5-30,7.646
2492,2007-5-29,7.6502
2493,2007-5-28,7.645
2494,2007-5-25,7.6523
2495,2007-5-24,7.6519
2496,2007-5-23,7.653
2497,2007-5-22,7.6545
2498,2007-5-21,7.664
2499,2007-5-18,7.6685
2500,2007-5-17,7.6705
2501,2007-5-16,7.6817
2502,2007-5-15,7.6835
2503,2007-5-14,7.681
2504,2007-5-11,7.6766
2505,2007-5-10,7.6939
2506,2007-5-9,7.6935
2507,2007-5-8,7.696
2508,2007-5-7,7.7055
2509,2007-5-4,7.7055
2510,2007-5-3,7.7055
2511,2007-5-2,7.7055
2512,2007-5-1,7.7055
2513,2007-4-30,7.7055
2514,2007-4-27,7.7216
2515,2007-4-26,7.7264
2516,2007-4-25,7.719
2517,2007-4-24,7.7259
2518,2007-4-23,7.723
2519,2007-4-20,7.7179
2520,2007-4-19,7.7165
2521,2007-4-18,7.7226
2522,2007-4-17,7.7332
2523,2007-4-16,7.7279
2524,2007-4-13,7.7217
2525,2007-4-12,7.726
2526,2007-4-11,7.7265
2527,2007-4-10,7.734
2528,2007-4-9,7.7335
2529,2007-4-6,7.721
2530,2007-4-5,7.7267
2531,2007-4-4,7.7346
2532,2007-4-3,7.7315
2533,2007-4-2,7.7287
2534,2007-3-30,7.7308
2535,2007-3-29,7.7271
2536,2007-3-28,7.7291
2537,2007-3-27,7.7335
2538,2007-3-26,7.7359
2539,2007-3-23,7.7325
2540,2007-3-22,7.726
2541,2007-3-21,7.7353
2542,2007-3-20,7.7374
2543,2007-3-19,7.7362
2544,2007-3-16,7.7358
2545,2007-3-15,7.744
2546,2007-3-14,7.7412
2547,2007-3-13,7.7469
2548,2007-3-12,7.7473
2549,2007-3-9,7.744
2550,2007-3-8,7.74
2551,2007-3-7,7.74
2552,2007-3-6,7.7416
2553,2007-3-5,7.75
2554,2007-3-2,7.7447
2555,2007-3-1,7.7432
2556,2007-2-28,7.738
2557,2007-2-27,7.741
2558,2007-2-26,7.748
2559,2007-2-23,7.7502
2560,2007-2-22,7.7502
2561,2007-2-21,7.7502
2562,2007-2-20,7.7502
2563,2007-2-19,7.7502
2564,2007-2-16,7.7502
2565,2007-2-15,7.7555
2566,2007-2-14,7.759
2567,2007-2-13,7.76
2568,2007-2-12,7.756
2569,2007-2-9,7.7505
2570,2007-2-8,7.7488
2571,2007-2-7,7.748
2572,2007-2-6,7.757
2573,2007-2-5,7.7585
2574,2007-2-2,7.756
2575,2007-2-1,7.7588
2576,2007-1-31,7.7748
2577,2007-1-30,7.776
2578,2007-1-29,7.774
2579,2007-1-26,7.777
2580,2007-1-25,7.7682
2581,2007-1-24,7.7724
2582,2007-1-23,7.7765
2583,2007-1-22,7.7739
2584,2007-1-19,7.7765
2585,2007-1-18,7.7705
2586,2007-1-17,7.775
2587,2007-1-16,7.7901
2588,2007-1-15,7.7931
2589,2007-1-12,7.7973
2590,2007-1-11,7.7948
2591,2007-1-10,7.8065
2592,2007-1-9,7.8066
2593,2007-1-8,7.8127
2594,2007-1-5,7.809
2595,2007-1-4,7.8055
2596,2007-1-3,7.816
2597,2007-1-2,7.816
2598,2007-1-1,7.816
2599,2006-12-29,7.8075
2600,2006-12-28,7.8135
2601,2006-12-27,7.816
2602,2006-12-26,7.8207
2603,2006-12-25,7.8215
2604,2006-12-22,7.8165
2605,2006-12-21,7.816
2606,2006-12-20,7.8152
2607,2006-12-19,7.8209
2608,2006-12-18,7.8202
2609,2006-12-15,7.8279
2610,2006-12-14,7.8199
2611,2006-12-13,7.825
2612,2006-12-12,7.8305
2613,2006-12-11,7.8293
2614,2006-12-8,7.8245
2615,2006-12-7,7.8324
2616,2006-12-6,7.8234
2617,2006-12-5,7.8235
2618,2006-12-4,7.8275
2619,2006-12-1,7.8305
2620,2006-11-30,7.8333
2621,2006-11-29,7.8365
2622,2006-11-28,7.845
2623,2006-11-27,7.8425
2624,2006-11-24,7.8551
2625,2006-11-23,7.863
2626,2006-11-22,7.8641
2627,2006-11-21,7.8695
2628,2006-11-20,7.874
2629,2006-11-17,7.872
2630,2006-11-16,7.8715
2631,2006-11-15,7.8685
2632,2006-11-14,7.8665
2633,2006-11-13,7.8635
2634,2006-11-10,7.8645
2635,2006-11-9,7.8665
2636,2006-11-8,7.8683
2637,2006-11-7,7.8745
2638,2006-11-6,7.8775
2639,2006-11-3,7.8712
2640,2006-11-2,7.8735
2641,2006-11-1,7.8724
2642,2006-10-31,7.879
2643,2006-10-30,7.8774
2644,2006-10-27,7.8896
2645,2006-10-26,7.8945
2646,2006-10-25,7.8994
2647,2006-10-24,7.9025
2648,2006-10-23,7.899
2649,2006-10-20,7.9046
2650,2006-10-19,7.9082
2651,2006-10-18,7.9077
2652,2006-10-17,7.9075
2653,2006-10-16,7.9098
2654,2006-10-13,7.9015
2655,2006-10-12,7.9143
2656,2006-10-11,7.9162
2657,2006-10-10,7.9052
2658,2006-10-9,7.9015
2659,2006-10-6,7.9073
2660,2006-10-5,7.9073
2661,2006-10-4,7.9073
2662,2006-10-3,7.9073
2663,2006-10-2,7.9073
2664,2006-9-29,7.9073
2665,2006-9-28,7.8955
2666,2006-9-27,7.9046
2667,2006-9-26,7.9105
2668,2006-9-25,7.921
2669,2006-9-22,7.917
2670,2006-9-21,7.9243
2671,2006-9-20,7.9265
2672,2006-9-19,7.9362
2673,2006-9-18,7.9468
2674,2006-9-15,7.9445
2675,2006-9-14,7.946
2676,2006-9-13,7.948
2677,2006-9-12,7.9475
2678,2006-9-11,7.9542
2679,2006-9-8,7.948
2680,2006-9-7,7.941
2681,2006-9-6,7.9443
2682,2006-9-5,7.941
2683,2006-9-4,7.9405
2684,2006-9-1,7.9532
2685,2006-8-31,7.9549
2686,2006-8-30,7.9587
2687,2006-8-29,7.9623
2688,2006-8-28,7.9692
2689,2006-8-25,7.9763
2690,2006-8-24,7.9719
2691,2006-8-23,7.9699
2692,2006-8-22,7.9684
2693,2006-8-21,7.9684
2694,2006-8-18,7.9755
2695,2006-8-17,7.979
2696,2006-8-16,7.9882
2697,2006-8-15,8.0015
2698,2006-8-14,7.984
2699,2006-8-11,7.9777
2700,2006-8-10,7.9708
2701,2006-8-9,7.977
2702,2006-8-8,7.9729
2703,2006-8-7,7.9685
2704,2006-8-4,7.978
2705,2006-8-3,7.975
2706,2006-8-2,7.9705
2707,2006-8-1,7.9745
2708,2006-7-31,7.97
2709,2006-7-28,7.971
2710,2006-7-27,7.975
2711,2006-7-26,7.9845
2712,2006-7-25,7.9877
2713,2006-7-24,7.9876
2714,2006-7-21,7.9828
2715,2006-7-20,7.993
2716,2006-7-19,8.0035
2717,2006-7-18,7.9985
2718,2006-7-17,7.9985
2719,2006-7-14,7.9978
2720,2006-7-13,7.9924
2721,2006-7-12,7.996
2722,2006-7-11,7.9915
2723,2006-7-10,7.9892
2724,2006-7-7,7.9855
2725,2006-7-6,7.996
2726,2006-7-5,7.996
2727,2006-7-4,7.9923
2728,2006-7-3,8.0002
2729,2006-6-30,7.9925
2730,2006-6-29,7.996
2731,2006-6-28,7.9985
2732,2006-6-27,7.9985
2733,2006-6-26,8.002
2734,2006-6-23,7.9998
2735,2006-6-22,7.9965
2736,2006-6-21,8.001
2737,2006-6-20,8.0029
2738,2006-6-19,8.0077
2739,2006-6-16,7.9983
2740,2006-6-15,8.0009
2741,2006-6-14,8.0005
2742,2006-6-13,8.023
2743,2006-6-12,8.016
2744,2006-6-9,8.0112
2745,2006-6-8,8.0185
2746,2006-6-7,8.017
2747,2006-6-6,8.0125
2748,2006-6-5,8.0077
2749,2006-6-2,8.023
2750,2006-6-1,8.0204
2751,2006-5-31,8.024
2752,2006-5-30,8.032
2753,2006-5-29,8.0226
2754,2006-5-26,8.025
2755,2006-5-25,8.025
2756,2006-5-24,8.02
2757,2006-5-23,8.02
2758,2006-5-22,8.026
2759,2006-5-19,8.02
2760,2006-5-18,8.0104
2761,2006-5-17,8.001
2762,2006-5-16,8.003
2763,2006-5-15,8.008
2764,2006-5-12,8.0065
2765,2006-5-11,8.004
2766,2006-5-10,8.0035
2767,2006-5-9,8.0052
2768,2006-5-8,8.007
2769,2006-5-5,8.0139
2770,2006-5-4,8.0139
2771,2006-5-3,8.0139
2772,2006-5-2,8.0139
2773,2006-5-1,8.0139
2774,2006-4-28,8.0139
2775,2006-4-27,8.0172
2776,2006-4-26,8.0183
2777,2006-4-25,8.012
2778,2006-4-24,8.0165
2779,2006-4-21,8.017
2780,2006-4-20,8.0135
2781,2006-4-19,8.0135
2782,2006-4-18,8.024
2783,2006-4-17,8.0205
2784,2006-4-14,8.0165
2785,2006-4-13,8.0185
2786,2006-4-12,8.0119
2787,2006-4-11,8.011
2788,2006-4-10,8.0064
2789,2006-4-7,8.0119
2790,2006-4-6,8.008
2791,2006-4-5,8.011
2792,2006-4-4,8.0171
2793,2006-4-3,8.021
2794,2006-3-31,8.0175
2795,2006-3-30,8.0253
2796,2006-3-29,8.0259
2797,2006-3-28,8.0212
2798,2006-3-27,8.0214
2799,2006-3-24,8.0299
2800,2006-3-23,8.0283
2801,2006-3-22,8.0288
2802,2006-3-21,8.028
2803,2006-3-20,8.0315
2804,2006-3-17,8.0319
2805,2006-3-16,8.039
2806,2006-3-15,8.0385
2807,2006-3-14,8.0478
2808,2006-3-13,8.0505
2809,2006-3-10,8.0505
2810,2006-3-9,8.0493
2811,2006-3-8,8.048
2812,2006-3-7,8.0424
2813,2006-3-6,8.037
2814,2006-3-3,8.0372
2815,2006-3-2,8.0366
2816,2006-3-1,8.037
2817,2006-2-28,8.0404
2818,2006-2-27,8.0407
2819,2006-2-24,8.043
2820,2006-2-23,8.0475
2821,2006-2-22,8.0476
2822,2006-2-21,8.05
2823,2006-2-20,8.048
2824,2006-2-17,8.049
2825,2006-2-16,8.0488
2826,2006-2-15,8.0557
2827,2006-2-14,8.0475
2828,2006-2-13,8.0466
2829,2006-2-10,8.0501
2830,2006-2-9,8.0557
2831,2006-2-8,8.055
2832,2006-2-7,8.0575
2833,2006-2-6,8.0572
2834,2006-2-3,8.0622
2835,2006-2-2,8.0622
2836,2006-2-1,8.0622
2837,2006-1-31,8.0622
2838,2006-1-30,8.0622
2839,2006-1-27,8.0622
2840,2006-1-26,8.0625
2841,2006-1-25,8.0629
2842,2006-1-24,8.0622
2843,2006-1-23,8.0634
2844,2006-1-20,8.0601
2845,2006-1-19,8.0687
2846,2006-1-18,8.0694
2847,2006-1-17,8.0672
2848,2006-1-16,8.0673
2849,2006-1-13,8.0698
2850,2006-1-12,8.0659
2851,2006-1-11,8.068
2852,2006-1-10,8.0645
2853,2006-1-9,8.0641
2854,2006-1-6,8.0655
2855,2006-1-5,8.0657
2856,2006-1-4,8.068
2857,2006-1-3,8.0702
2858,2006-1-2,8.0702
2859,2005-12-30,8.0702
2860,2005-12-29,8.0704
2861,2005-12-28,8.0735
2862,2005-12-27,8.0744
2863,2005-12-26,8.0758
2864,2005-12-23,8.0759
2865,2005-12-22,8.0758
2866,2005-12-21,8.0759
2867,2005-12-20,8.0728
2868,2005-12-19,8.073
2869,2005-12-16,8.0736
2870,2005-12-15,8.074
2871,2005-12-14,8.0746
2872,2005-12-13,8.0753
2873,2005-12-12,8.0749
2874,2005-12-9,8.076
2875,2005-12-8,8.078
2876,2005-12-7,8.0771
2877,2005-12-6,8.078
2878,2005-12-5,8.0807
2879,2005-12-2,8.0782
2880,2005-12-1,8.0788
2881,2005-11-30,8.078
2882,2005-11-29,8.078
2883,2005-11-28,8.0825
2884,2005-11-25,8.0797
2885,2005-11-24,8.0806
2886,2005-11-23,8.0785
2887,2005-11-22,8.0839
2888,2005-11-21,8.0833
2889,2005-11-18,8.0832
2890,2005-11-17,8.0845
2891,2005-11-16,8.0805
2892,2005-11-15,8.0823
2893,2005-11-14,8.0805
2894,2005-11-11,8.0847
2895,2005-11-10,8.0846
2896,2005-11-9,8.0867
2897,2005-11-8,8.0877
2898,2005-11-7,8.0856
2899,2005-11-4,8.0856
2900,2005-11-3,8.0866
2901,2005-11-2,8.0852
2902,2005-11-1,8.0845
2903,2005-10-31,8.0832
2904,2005-10-28,8.0854
2905,2005-10-27,8.0859
2906,2005-10-26,8.0901
2907,2005-10-25,8.0916
2908,2005-10-24,8.0885
2909,2005-10-21,8.0897
2910,2005-10-20,8.0916
2911,2005-10-19,8.0902
2912,2005-10-18,8.0869
2913,2005-10-17,8.0896
2914,2005-10-14,8.0866
2915,2005-10-13,8.0895
2916,2005-10-12,8.0879
2917,2005-10-11,8.0864
2918,2005-10-10,8.0876
2919,2005-10-7,8.0922
2920,2005-10-6,8.0922
2921,2005-10-5,8.0922
2922,2005-10-4,8.0922
2923,2005-10-3,8.0922
2924,2005-9-30,8.0922
2925,2005-9-29,8.0939
2926,2005-9-28,8.092
2927,2005-9-27,8.0921
2928,2005-9-26,8.091
2929,2005-9-23,8.0881
2930,2005-9-22,8.0911
2931,2005-9-21,8.089
2932,2005-9-20,8.0908
2933,2005-9-19,8.0871
2934,2005-9-16,8.0887
2935,2005-9-15,8.0912
2936,2005-9-14,8.094
2937,2005-9-13,8.0924
2938,2005-9-12,8.0956
2939,2005-9-9,8.0945
2940,2005-9-8,8.0925
2941,2005-9-7,8.0913
2942,2005-9-6,8.0916
2943,2005-9-5,8.0935
2944,2005-9-2,8.0935
2945,2005-9-1,8.0949
2946,2005-8-31,8.0998
2947,2005-8-30,8.0973
2948,2005-8-29,8.0954
2949,2005-8-26,8.0965
2950,2005-8-25,8.1002
2951,2005-8-24,8.1005
2952,2005-8-23,8.1012
2953,2005-8-22,8.1056
2954,2005-8-19,8.1047
2955,2005-8-18,8.1007
2956,2005-8-17,8.0997
2957,2005-8-16,8.1002
2958,2005-8-15,8.0971
2959,2005-8-12,8.098
2960,2005-8-11,8.1002
2961,2005-8-10,8.1062
2962,2005-8-9,8.107
2963,2005-8-8,8.109
2964,2005-8-5,8.1037
2965,2005-8-4,8.1027
2966,2005-8-3,8.1051
2967,2005-8-2,8.1032
2968,2005-8-1,8.1046
2969,2005-7-29,8.1056
2970,2005-7-28,8.108
2971,2005-7-27,8.1128
2972,2005-7-26,8.1099
2973,2005-7-25,8.1115
2974,2005-7-22,8.1111
2975,2005-7-21,8.11
2976,2005-7-20,8.2765
2977,2005-7-19,8.2765
2978,2005-7-18,8.2765
2979,2005-7-15,8.2765
2980,2005-7-14,8.2765
2981,2005-7-13,8.2765
2982,2005-7-12,8.2765
2983,2005-7-11,8.2765
2984,2005-7-8,8.2765
2985,2005-7-7,8.2765
2986,2005-7-6,8.2765
2987,2005-7-5,8.2765
2988,2005-7-4,8.2765
2989,2005-7-1,8.2765
2990,2005-6-30,8.2765
2991,2005-6-29,8.2765
2992,2005-6-28,8.2765
2993,2005-6-27,8.2765
2994,2005-6-24,8.2765
2995,2005-6-23,8.2765
2996,2005-6-22,8.2765
2997,2005-6-21,8.2765
2998,2005-6-20,8.2765
2999,2005-6-17,8.2765
